25/07/2020,"03 , 18 , 36 , 52 , 54 , 57"
22/07/2020,"01 , 05 , 22 , 24 , 46 , 52"
19/07/2020,"26 , 35 , 46 , 49 , 55 , 57"
18/07/2020,"12 , 19 , 27 , 28 , 38 , 50"
15/07/2020,"06 , 13 , 17 , 26 , 32 , 47"
12/07/2020,"04 , 09 , 29 , 30 , 40 , 49"
11/07/2020,"08 , 20 , 37 , 51 , 55 , 58"
08/07/2020,"15 , 18 , 29 , 42 , 43 , 51"
07/07/2020,"22 , 29 , 31 , 43 , 49 , 57"
05/07/2020,"16 , 26 , 28 , 29 , 31 , 36"
04/07/2020,"25 , 26 , 40 , 45 , 49 , 58"
01/07/2020,"22 , 23 , 27 , 35 , 53 , 58"
28/06/2020,"20 , 23 , 26 , 27 , 43 , 57"
27/06/2020,"07 , 09 , 14 , 23 , 47 , 53"
24/06/2020,"16 , 21 , 36 , 40 , 45 , 56"
21/06/2020,"15 , 16 , 32 , 44 , 47 , 50"
20/06/2020,"21 , 30 , 43 , 45 , 48 , 56"
17/06/2020,"12 , 26 , 31 , 33 , 43 , 54"
15/03/2020,"01 , 18 , 19 , 23 , 24 , 58"
14/03/2020,"14 , 18 , 21 , 22 , 46 , 49"
11/03/2020,"07 , 13 , 20 , 23 , 24 , 27"
08/03/2020,"03 , 28 , 38 , 39 , 49 , 50"
07/03/2020,"17 , 24 , 47 , 55 , 57 , 58"
04/03/2020,"07 , 26 , 39 , 40 , 46 , 57"
01/03/2020,"01 , 04 , 15 , 24 , 41 , 43"
29/02/2020,"06 , 12 , 33 , 46 , 51 , 56"
26/02/2020,"04 , 24 , 35 , 40 , 41 , 48"
23/02/2020,"07 , 12 , 13 , 18 , 42 , 52"
22/02/2020,"14 , 25 , 42 , 50 , 53 , 56"
19/02/2020,"04 , 16 , 23 , 45 , 54 , 56"
16/02/2020,"02 , 30 , 46 , 53 , 54 , 57"
15/02/2020,"09 , 14 , 16 , 27 , 39 , 49"
12/02/2020,"02 , 12 , 16 , 32 , 41 , 52"
09/02/2020,"04 , 08 , 11 , 15 , 46 , 47"
08/02/2020,"15 , 29 , 31 , 52 , 54 , 58"
05/02/2020,"19 , 27 , 34 , 36 , 40 , 52"
04/02/2020,"25 , 33 , 44 , 50 , 53 , 56"
02/02/2020,"13 , 19 , 24 , 37 , 40 , 42"
01/02/2020,"05 , 09 , 15 , 29 , 35 , 51"
29/01/2020,"22 , 25 , 38 , 39 , 40 , 53"
28/01/2020,"01 , 07 , 18 , 20 , 27 , 34"
26/01/2020,"02 , 05 , 11 , 16 , 28 , 36"
25/01/2020,"01 , 27 , 29 , 35 , 40 , 50"
22/01/2020,"01 , 18 , 26 , 34 , 47 , 55"
21/01/2020,"12 , 18 , 44 , 47 , 50 , 54"
19/01/2020,"05 , 07 , 32 , 42 , 43 , 58"
18/01/2020,"14 , 22 , 25 , 43 , 53 , 54"
15/01/2020,"09 , 12 , 17 , 20 , 27 , 28"
12/01/2020,"07 , 12 , 31 , 41 , 47 , 49"
11/01/2020,"03 , 10 , 11 , 26 , 38 , 53"
08/01/2020,"03 , 17 , 36 , 45 , 49 , 50"
05/01/2020,"16 , 23 , 25 , 32 , 45 , 57"
04/01/2020,"16 , 17 , 34 , 35 , 44 , 52"
01/01/2020,"09 , 18 , 48 , 50 , 53 , 57"
29/12/2019,"17 , 23 , 27 , 37 , 46 , 51"
28/12/2019,"26 , 33 , 36 , 40 , 49 , 52"
25/12/2019,"07 , 10 , 11 , 13 , 23 , 45"
22/12/2019,"05 , 07 , 27 , 31 , 52 , 57"
21/12/2019,"02 , 22 , 26 , 42 , 49 , 55"
18/12/2019,"07 , 23 , 25 , 28 , 33 , 56"
15/12/2019,"02 , 13 , 25 , 34 , 42 , 48"
14/12/2019,"12 , 14 , 31 , 35 , 47 , 57"
11/12/2019,"18 , 39 , 40 , 44 , 45 , 49"
08/12/2019,"08 , 18 , 31 , 41 , 42 , 48"
07/12/2019,"14 , 32 , 37 , 38 , 42 , 56"
04/12/2019,"05 , 11 , 21 , 33 , 48 , 57"
03/12/2019,"17 , 20 , 21 , 36 , 41 , 50"
01/12/2019,"03 , 09 , 17 , 26 , 34 , 50"
30/11/2019,"09 , 10 , 17 , 34 , 40 , 51"
27/11/2019,"17 , 30 , 39 , 47 , 51 , 52"
24/11/2019,"11 , 13 , 50 , 51 , 54 , 55"
23/11/2019,"03 , 10 , 17 , 41 , 46 , 47"
20/11/2019,"07 , 20 , 25 , 38 , 43 , 56"
17/11/2019,"28 , 30 , 33 , 49 , 51 , 52"
16/11/2019,"04 , 09 , 17 , 21 , 48 , 50"
13/11/2019,"03 , 44 , 45 , 47 , 53 , 56"
10/11/2019,"02 , 07 , 11 , 13 , 20 , 42"
09/11/2019,"19 , 27 , 34 , 40 , 42 , 55"
06/11/2019,"02 , 05 , 06 , 22 , 27 , 29"
05/11/2019,"03 , 17 , 32 , 36 , 43 , 49"
03/11/2019,"10 , 30 , 42 , 43 , 48 , 58"
02/11/2019,"11 , 15 , 22 , 34 , 37 , 57"
30/10/2019,"09 , 28 , 30 , 45 , 49 , 53"
27/10/2019,"20 , 28 , 46 , 47 , 55 , 57"
26/10/2019,"17 , 28 , 29 , 33 , 44 , 53"
23/10/2019,"12 , 20 , 30 , 34 , 50 , 51"
20/10/2019,"13 , 34 , 38 , 42 , 47 , 48"
19/10/2019,"24 , 29 , 33 , 46 , 55 , 57"
16/10/2019,"04 , 09 , 13 , 17 , 47 , 58"
13/10/2019,"09 , 15 , 21 , 26 , 27 , 53"
12/10/2019,"13 , 15 , 36 , 40 , 49 , 57"
09/10/2019,"04 , 28 , 40 , 43 , 44 , 58"
06/10/2019,"21 , 27 , 38 , 39 , 41 , 46"
05/10/2019,"06 , 17 , 21 , 37 , 50 , 52"
02/10/2019,"16 , 17 , 19 , 28 , 54 , 55"
01/10/2019,"04 , 12 , 13 , 35 , 39 , 54"
29/09/2019,"02 , 07 , 25 , 34 , 36 , 50"
28/09/2019,"03 , 04 , 14 , 26 , 50 , 57"
25/09/2019,"03 , 09 , 17 , 30 , 43 , 47"
22/09/2019,"03 , 05 , 06 , 19 , 22 , 35"
21/09/2019,"04 , 05 , 17 , 23 , 31 , 34"
18/09/2019,"04 , 05 , 37 , 41 , 54 , 58"
15/09/2019,"17 , 20 , 23 , 36 , 53 , 58"
14/09/2019,"03 , 04 , 07 , 44 , 49 , 52"
11/09/2019,"03 , 08 , 19 , 23 , 30 , 51"
10/09/2019,"02 , 16 , 19 , 33 , 39 , 58"
08/09/2019,"07 , 15 , 31 , 45 , 46 , 58"
07/09/2019,"11 , 21 , 29 , 30 , 35 , 41"
04/09/2019,"01 , 19 , 24 , 35 , 42 , 49"
01/09/2019,"08 , 11 , 19 , 27 , 47 , 55"
31/08/2019,"28 , 36 , 39 , 46 , 52 , 56"
28/08/2019,"25 , 41 , 44 , 47 , 48 , 56"
25/08/2019,"16 , 38 , 46 , 47 , 48 , 50"
24/08/2019,"02 , 17 , 21 , 37 , 40 , 55"
21/08/2019,"01 , 09 , 12 , 17 , 28 , 38"
20/08/2019,"07 , 10 , 18 , 26 , 30 , 51"
18/08/2019,"02 , 12 , 14 , 17 , 46 , 48"
17/08/2019,"22 , 29 , 34 , 35 , 38 , 53"
14/08/2019,"29 , 30 , 46 , 50 , 52 , 54"
11/08/2019,"07 , 15 , 22 , 25 , 28 , 50"
10/08/2019,"19 , 22 , 27 , 31 , 45 , 50"
07/08/2019,"07 , 14 , 24 , 25 , 46 , 49"
04/08/2019,"02 , 06 , 13 , 46 , 47 , 51"
03/08/2019,"05 , 11 , 16 , 24 , 25 , 43"
31/07/2019,"25 , 34 , 35 , 47 , 57 , 58"
30/07/2019,"12 , 17 , 23 , 40 , 48 , 52"
28/07/2019,"06 , 08 , 22 , 23 , 35 , 41"
27/07/2019,"14 , 17 , 24 , 30 , 39 , 46"
24/07/2019,"08 , 18 , 32 , 50 , 54 , 55"
21/07/2019,"08 , 21 , 28 , 43 , 49 , 58"
20/07/2019,"14 , 23 , 31 , 33 , 38 , 45"
17/07/2019,"05 , 27 , 30 , 34 , 36 , 49"
14/07/2019,"01 , 18 , 35 , 42 , 43 , 58"
13/07/2019,"06 , 35 , 40 , 42 , 43 , 45"
10/07/2019,"06 , 12 , 15 , 37 , 54 , 55"
07/07/2019,"11 , 15 , 20 , 29 , 31 , 41"
06/07/2019,"11 , 15 , 27 , 31 , 45 , 58"
03/07/2019,"05 , 06 , 13 , 15 , 22 , 24"
30/06/2019,"08 , 10 , 22 , 44 , 45 , 51"
29/06/2019,"09 , 22 , 28 , 31 , 47 , 54"
26/06/2019,"12 , 13 , 15 , 23 , 31 , 58"
23/06/2019,"07 , 13 , 14 , 17 , 21 , 56"
22/06/2019,"01 , 11 , 27 , 33 , 46 , 52"
19/06/2019,"14 , 22 , 27 , 34 , 54 , 56"
18/06/2019,"20 , 22 , 25 , 33 , 46 , 53"
16/06/2019,"08 , 11 , 36 , 42 , 48 , 51"
15/06/2019,"05 , 10 , 17 , 29 , 35 , 41"
12/06/2019,"18 , 33 , 35 , 46 , 52 , 58"
09/06/2019,"01 , 22 , 24 , 54 , 57 , 58"
08/06/2019,"01 , 04 , 08 , 24 , 42 , 45"
05/06/2019,"04 , 08 , 14 , 34 , 37 , 48"
02/06/2019,"13 , 22 , 27 , 37 , 46 , 53"
01/06/2019,"20 , 34 , 39 , 43 , 57 , 58"
29/05/2019,"12 , 14 , 29 , 31 , 54 , 55"
26/05/2019,"01 , 03 , 15 , 18 , 40 , 46"
25/05/2019,"01 , 08 , 11 , 12 , 27 , 53"
22/05/2019,"01 , 04 , 18 , 24 , 47 , 50"
19/05/2019,"03 , 18 , 31 , 33 , 37 , 44"
18/05/2019,"07 , 10 , 14 , 19 , 37 , 54"
15/05/2019,"19 , 20 , 25 , 26 , 28 , 52"
12/05/2019,"03 , 18 , 40 , 44 , 53 , 58"
11/05/2019,"11 , 19 , 21 , 33 , 35 , 58"
08/05/2019,"13 , 15 , 18 , 23 , 43 , 52"
05/05/2019,"03 , 29 , 36 , 45 , 53 , 55"
04/05/2019,"30 , 47 , 48 , 53 , 54 , 57"
01/05/2019,"17 , 28 , 30 , 47 , 54 , 55"
28/04/2019,"26 , 35 , 36 , 43 , 46 , 54"
27/04/2019,"07 , 15 , 18 , 45 , 47 , 55"
24/04/2019,"02 , 12 , 13 , 22 , 41 , 56"
21/04/2019,"05 , 12 , 14 , 37 , 46 , 53"
20/04/2019,"20 , 22 , 24 , 28 , 36 , 57"
17/04/2019,"05 , 16 , 22 , 23 , 34 , 52"
14/04/2019,"16 , 36 , 47 , 48 , 49 , 50"
13/04/2019,"07 , 08 , 14 , 22 , 35 , 58"
10/04/2019,"24 , 26 , 27 , 29 , 40 , 50"
07/04/2019,"07 , 09 , 11 , 17 , 19 , 25"
06/04/2019,"07 , 20 , 33 , 39 , 49 , 57"
03/04/2019,"04 , 19 , 27 , 29 , 41 , 47"
02/04/2019,"02 , 07 , 38 , 44 , 52 , 55"
31/03/2019,"04 , 16 , 18 , 31 , 32 , 44"
30/03/2019,"16 , 37 , 38 , 42 , 50 , 53"
27/03/2019,"19 , 27 , 42 , 43 , 44 , 48"
24/03/2019,"04 , 06 , 18 , 28 , 38 , 58"
23/03/2019,"10 , 16 , 22 , 24 , 33 , 49"
20/03/2019,"13 , 17 , 33 , 38 , 48 , 58"
17/03/2019,"06 , 13 , 14 , 32 , 44 , 50"
16/03/2019,"11 , 12 , 19 , 27 , 31 , 36"
13/03/2019,"16 , 20 , 30 , 41 , 53 , 58"
10/03/2019,"08 , 16 , 27 , 28 , 52 , 55"
09/03/2019,"01 , 09 , 15 , 17 , 46 , 48"
06/03/2019,"04 , 16 , 19 , 32 , 39 , 50"
03/03/2019,"01 , 02 , 19 , 29 , 43 , 54"
02/03/2019,"09 , 22 , 24 , 28 , 50 , 58"
27/02/2019,"02 , 14 , 16 , 19 , 21 , 37"
24/02/2019,"16 , 29 , 31 , 43 , 52 , 54"
23/02/2019,"06 , 24 , 27 , 29 , 30 , 43"
20/02/2019,"08 , 26 , 42 , 45 , 49 , 53"
19/02/2019,"14 , 19 , 38 , 45 , 53 , 55"
17/02/2019,"06 , 09 , 13 , 21 , 37 , 43"
16/02/2019,"02 , 07 , 12 , 37 , 52 , 56"
13/02/2019,"16 , 18 , 22 , 40 , 44 , 54"
10/02/2019,"05 , 09 , 13 , 25 , 38 , 40"
09/02/2019,"07 , 14 , 16 , 29 , 45 , 57"
06/02/2019,"10 , 22 , 35 , 36 , 45 , 58"
05/02/2019,"01 , 04 , 05 , 13 , 24 , 56"
03/02/2019,"04 , 05 , 06 , 29 , 45 , 55"
02/02/2019,"01 , 03 , 13 , 19 , 35 , 58"
30/01/2019,"02 , 06 , 16 , 23 , 27 , 32"
29/01/2019,"03 , 04 , 41 , 43 , 44 , 52"
27/01/2019,"07 , 11 , 18 , 25 , 39 , 58"
26/01/2019,"17 , 32 , 33 , 36 , 50 , 53"
23/01/2019,"09 , 19 , 24 , 29 , 56 , 57"
20/01/2019,"01 , 23 , 25 , 28 , 43 , 49"
19/01/2019,"02 , 06 , 23 , 27 , 31 , 43"
16/01/2019,"05 , 15 , 18 , 19 , 28 , 53"
13/01/2019,"13 , 27 , 30 , 40 , 43 , 51"
12/01/2019,"01 , 07 , 29 , 31 , 40 , 51"
09/01/2019,"05 , 29 , 30 , 53 , 55 , 57"
06/01/2019,"11 , 47 , 49 , 51 , 53 , 55"
05/01/2019,"02 , 09 , 24 , 29 , 38 , 45"
02/01/2019,"02 , 03 , 19 , 23 , 30 , 49"
30/12/2018,"04 , 12 , 17 , 24 , 26 , 39"
29/12/2018,"01 , 16 , 34 , 38 , 48 , 58"
26/12/2018,"20 , 26 , 29 , 33 , 46 , 47"
25/12/2018,"12 , 24 , 30 , 32 , 46 , 48"
23/12/2018,"23 , 26 , 36 , 41 , 42 , 53"
22/12/2018,"11 , 18 , 25 , 28 , 50 , 52"
19/12/2018,"11 , 14 , 38 , 40 , 42 , 43"
16/12/2018,"01 , 08 , 12 , 17 , 21 , 25"
15/12/2018,"20 , 22 , 37 , 47 , 55 , 56"
12/12/2018,"06 , 08 , 13 , 34 , 48 , 55"
09/12/2018,"03 , 19 , 36 , 45 , 55 , 56"
08/12/2018,"04 , 17 , 25 , 35 , 41 , 58"
05/12/2018,"01 , 12 , 26 , 37 , 39 , 50"
04/12/2018,"03 , 04 , 05 , 15 , 20 , 23"
02/12/2018,"03 , 18 , 37 , 39 , 40 , 49"
01/12/2018,"05 , 12 , 32 , 35 , 36 , 45"
28/11/2018,"16 , 17 , 25 , 30 , 41 , 54"
27/11/2018,"11 , 23 , 26 , 43 , 46 , 52"
25/11/2018,"03 , 05 , 30 , 36 , 40 , 55"
24/11/2018,"02 , 03 , 25 , 29 , 40 , 50"
21/11/2018,"04 , 15 , 18 , 26 , 34 , 47"
18/11/2018,"08 , 23 , 24 , 48 , 51 , 58"
17/11/2018,"03 , 07 , 10 , 29 , 55 , 58"
14/11/2018,"01 , 02 , 08 , 22 , 45 , 54"
11/11/2018,"02 , 17 , 24 , 48 , 50 , 56"
10/11/2018,"02 , 08 , 12 , 13 , 22 , 57"
07/11/2018,"08 , 21 , 29 , 30 , 40 , 48"
06/11/2018,"03 , 29 , 30 , 47 , 51 , 52"
04/11/2018,"02 , 03 , 14 , 20 , 36 , 57"
03/11/2018,"06 , 19 , 25 , 28 , 45 , 49"
31/10/2018,"05 , 07 , 34 , 42 , 45 , 55"
30/10/2018,"03 , 17 , 26 , 41 , 45 , 46"
28/10/2018,"29 , 34 , 35 , 38 , 43 , 49"
27/10/2018,"05 , 06 , 32 , 33 , 48 , 53"
24/10/2018,"19 , 30 , 35 , 36 , 38 , 49"
21/10/2018,"02 , 38 , 44 , 47 , 53 , 57"
20/10/2018,"12 , 13 , 19 , 25 , 26 , 39"
17/10/2018,"04 , 11 , 20 , 23 , 48 , 55"
14/10/2018,"18 , 19 , 34 , 46 , 48 , 57"
13/10/2018,"03 , 22 , 27 , 37 , 40 , 54"
10/10/2018,"01 , 12 , 29 , 36 , 39 , 42"
07/10/2018,"07 , 08 , 15 , 17 , 32 , 43"
06/10/2018,"08 , 10 , 28 , 31 , 46 , 47"
03/10/2018,"16 , 26 , 30 , 42 , 47 , 49"
02/10/2018,"03 , 10 , 13 , 25 , 48 , 49"
30/09/2018,"05 , 06 , 07 , 26 , 38 , 57"
29/09/2018,"14 , 22 , 36 , 38 , 43 , 45"
26/09/2018,"12 , 17 , 26 , 29 , 34 , 37"
25/09/2018,"10 , 15 , 18 , 23 , 25 , 52"
23/09/2018,"18 , 19 , 28 , 53 , 56 , 58"
22/09/2018,"29 , 31 , 39 , 42 , 51 , 53"
19/09/2018,"06 , 13 , 29 , 37 , 45 , 46"
16/09/2018,"11 , 33 , 43 , 45 , 50 , 57"
15/09/2018,"08 , 10 , 20 , 31 , 32 , 41"
12/09/2018,"01 , 06 , 14 , 31 , 37 , 43"
09/09/2018,"03 , 14 , 17 , 23 , 37 , 38"
08/09/2018,"07 , 17 , 26 , 30 , 38 , 40"
05/09/2018,"11 , 26 , 31 , 36 , 41 , 52"
04/09/2018,"01 , 03 , 07 , 20 , 35 , 58"
02/09/2018,"20 , 32 , 43 , 48 , 54 , 55"
01/09/2018,"11 , 12 , 43 , 46 , 50 , 58"
29/08/2018,"18 , 24 , 25 , 28 , 32 , 33"
28/08/2018,"01 , 25 , 32 , 33 , 46 , 52"
26/08/2018,"11 , 16 , 24 , 40 , 46 , 54"
25/08/2018,"08 , 14 , 26 , 28 , 37 , 49"
22/08/2018,"06 , 08 , 10 , 18 , 20 , 38"
19/08/2018,"02 , 03 , 06 , 18 , 25 , 45"
18/08/2018,"06 , 22 , 27 , 34 , 40 , 50"
15/08/2018,"02 , 12 , 14 , 19 , 23 , 25"
12/08/2018,"12 , 18 , 30 , 32 , 42 , 50"
11/08/2018,"10 , 15 , 17 , 40 , 52 , 57"
08/08/2018,"08 , 19 , 30 , 42 , 43 , 54"
07/08/2018,"14 , 33 , 34 , 40 , 48 , 58"
05/08/2018,"10 , 19 , 20 , 24 , 35 , 41"
04/08/2018,"04 , 15 , 23 , 27 , 33 , 37"
01/08/2018,"11 , 28 , 32 , 44 , 45 , 52"
31/07/2018,"06 , 07 , 20 , 27 , 37 , 38"
29/07/2018,"01 , 14 , 21 , 34 , 42 , 52"
28/07/2018,"08 , 18 , 28 , 32 , 37 , 43"
25/07/2018,"02 , 10 , 31 , 33 , 43 , 47"
22/07/2018,"12 , 23 , 28 , 40 , 43 , 56"
21/07/2018,"10 , 35 , 45 , 51 , 57 , 58"
18/07/2018,"11 , 15 , 18 , 46 , 53 , 58"
15/07/2018,"02 , 17 , 19 , 26 , 29 , 56"
14/07/2018,"21 , 38 , 39 , 53 , 54 , 56"
11/07/2018,"19 , 23 , 29 , 30 , 35 , 51"
08/07/2018,"11 , 24 , 31 , 35 , 37 , 44"
07/07/2018,"07 , 12 , 20 , 33 , 40 , 53"
04/07/2018,"11 , 27 , 37 , 38 , 44 , 51"
03/07/2018,"03 , 20 , 29 , 30 , 46 , 54"
01/07/2018,"05 , 08 , 24 , 34 , 46 , 54"
30/06/2018,"02 , 09 , 33 , 39 , 46 , 57"
27/06/2018,"01 , 26 , 31 , 39 , 40 , 52"
26/06/2018,"04 , 13 , 15 , 18 , 48 , 56"
24/06/2018,"16 , 20 , 38 , 40 , 43 , 55"
23/06/2018,"09 , 24 , 32 , 42 , 43 , 57"
20/06/2018,"06 , 10 , 17 , 18 , 52 , 54"
17/06/2018,"10 , 16 , 24 , 39 , 42 , 50"
16/06/2018,"05 , 12 , 14 , 40 , 48 , 53"
13/06/2018,"24 , 32 , 37 , 40 , 42 , 49"
10/06/2018,"06 , 26 , 29 , 51 , 52 , 56"
09/06/2018,"03 , 33 , 38 , 39 , 40 , 51"
06/06/2018,"12 , 16 , 17 , 18 , 19 , 49"
03/06/2018,"06 , 12 , 35 , 37 , 40 , 49"
02/06/2018,"17 , 26 , 27 , 40 , 43 , 50"
30/05/2018,"14 , 15 , 19 , 22 , 27 , 39"
27/05/2018,"05 , 10 , 14 , 26 , 50 , 53"
26/05/2018,"04 , 19 , 25 , 28 , 31 , 38"
23/05/2018,"24 , 25 , 30 , 31 , 32 , 54"
20/05/2018,"11 , 25 , 36 , 48 , 49 , 54"
19/05/2018,"14 , 39 , 40 , 49 , 54 , 57"
16/05/2018,"01 , 16 , 17 , 21 , 27 , 36"
13/05/2018,"02 , 05 , 08 , 09 , 12 , 15"
12/05/2018,"01 , 05 , 12 , 13 , 26 , 29"
09/05/2018,"12 , 14 , 24 , 36 , 47 , 54"
06/05/2018,"01 , 21 , 23 , 33 , 49 , 50"
05/05/2018,"07 , 15 , 28 , 39 , 42 , 47"
02/05/2018,"07 , 16 , 25 , 34 , 47 , 57"
01/05/2018,"06 , 26 , 30 , 51 , 53 , 54"
29/04/2018,"06 , 14 , 20 , 23 , 33 , 57"
28/04/2018,"09 , 14 , 23 , 26 , 41 , 46"
25/04/2018,"08 , 10 , 24 , 32 , 44 , 57"
22/04/2018,"21 , 23 , 38 , 44 , 45 , 57"
21/04/2018,"12 , 14 , 17 , 23 , 37 , 44"
18/04/2018,"07 , 13 , 34 , 36 , 40 , 47"
15/04/2018,"15 , 24 , 40 , 42 , 46 , 55"
14/04/2018,"10 , 26 , 27 , 48 , 56 , 57"
11/04/2018,"11 , 16 , 25 , 28 , 29 , 32"
08/04/2018,"03 , 13 , 15 , 38 , 41 , 54"
07/04/2018,"06 , 07 , 11 , 32 , 36 , 42"
04/04/2018,"05 , 20 , 26 , 28 , 43 , 46"
03/04/2018,"08 , 18 , 32 , 42 , 43 , 48"
01/04/2018,"03 , 20 , 25 , 34 , 39 , 47"
31/03/2018,"02 , 11 , 35 , 37 , 44 , 56"
28/03/2018,"13 , 22 , 31 , 45 , 49 , 50"
25/03/2018,"27 , 30 , 33 , 41 , 43 , 48"
24/03/2018,"08 , 23 , 26 , 45 , 47 , 56"
21/03/2018,"02 , 10 , 16 , 21 , 36 , 39"
18/03/2018,"30 , 33 , 41 , 44 , 45 , 52"
17/03/2018,"16 , 24 , 25 , 28 , 57 , 58"
14/03/2018,"08 , 14 , 17 , 20 , 22 , 28"
11/03/2018,"03 , 06 , 26 , 29 , 46 , 55"
10/03/2018,"10 , 13 , 21 , 33 , 38 , 54"
07/03/2018,"01 , 02 , 08 , 14 , 47 , 52"
06/03/2018,"04 , 09 , 34 , 37 , 43 , 49"
04/03/2018,"01 , 16 , 37 , 40 , 42 , 45"
03/03/2018,"03 , 07 , 20 , 23 , 28 , 58"
28/02/2018,"02 , 26 , 30 , 31 , 36 , 49"
27/02/2018,"02 , 10 , 17 , 38 , 49 , 50"
25/02/2018,"03 , 11 , 31 , 36 , 39 , 46"
24/02/2018,"03 , 12 , 26 , 27 , 52 , 58"
21/02/2018,"13 , 27 , 34 , 39 , 41 , 45"
20/02/2018,"10 , 41 , 42 , 47 , 48 , 57"
18/02/2018,"03 , 28 , 33 , 47 , 49 , 53"
17/02/2018,"08 , 09 , 14 , 29 , 35 , 48"
14/02/2018,"07 , 08 , 15 , 23 , 31 , 36"
13/02/2018,"04 , 27 , 44 , 46 , 51 , 55"
11/02/2018,"07 , 17 , 20 , 24 , 25 , 31"
10/02/2018,"10 , 16 , 22 , 26 , 32 , 42"
07/02/2018,"11 , 17 , 18 , 37 , 46 , 54"
06/02/2018,"18 , 21 , 26 , 27 , 48 , 52"
03/02/2018,"04 , 20 , 35 , 42 , 46 , 58"
31/01/2018,"25 , 27 , 36 , 41 , 42 , 58"
30/01/2018,"02 , 16 , 30 , 37 , 45 , 54"
28/01/2018,"07 , 10 , 22 , 49 , 57 , 58"
27/01/2018,"03 , 11 , 16 , 45 , 54 , 58"
24/01/2018,"03 , 19 , 20 , 27 , 51 , 58"
21/01/2018,"10 , 19 , 29 , 34 , 35 , 54"
20/01/2018,"09 , 34 , 36 , 52 , 53 , 55"
17/01/2018,"03 , 11 , 37 , 44 , 45 , 47"
16/01/2018,"06 , 42 , 44 , 46 , 53 , 57"
14/01/2018,"05 , 11 , 15 , 27 , 53 , 58"
13/01/2018,"21 , 30 , 41 , 43 , 52 , 58"
10/01/2018,"11 , 20 , 38 , 52 , 53 , 55"
07/01/2018,"15 , 21 , 44 , 47 , 51 , 55"
06/01/2018,"02 , 07 , 26 , 28 , 29 , 30"
03/01/2018,"07 , 08 , 24 , 38 , 39 , 54"
31/12/2017,"07 , 09 , 27 , 30 , 34 , 54"
30/12/2017,"10 , 12 , 41 , 42 , 45 , 51"
27/12/2017,"04 , 19 , 21 , 30 , 32 , 46"
26/12/2017,"03 , 08 , 21 , 22 , 27 , 57"
24/12/2017,"06 , 14 , 16 , 33 , 46 , 58"
23/12/2017,"08 , 11 , 13 , 19 , 21 , 24"
20/12/2017,"21 , 25 , 27 , 33 , 37 , 46"
17/12/2017,"07 , 10 , 14 , 15 , 16 , 26"
16/12/2017,"12 , 29 , 31 , 34 , 35 , 39"
13/12/2017,"20 , 21 , 23 , 29 , 49 , 56"
10/12/2017,"10 , 15 , 23 , 28 , 50 , 53"
09/12/2017,"04 , 07 , 09 , 34 , 35 , 53"
06/12/2017,"01 , 05 , 10 , 22 , 39 , 45"
05/12/2017,"24 , 26 , 28 , 30 , 40 , 54"
03/12/2017,"05 , 18 , 21 , 28 , 37 , 49"
02/12/2017,"16 , 18 , 24 , 31 , 44 , 54"
29/11/2017,"01 , 36 , 42 , 45 , 55 , 58"
28/11/2017,"04 , 08 , 40 , 42 , 55 , 56"
26/11/2017,"05 , 09 , 29 , 38 , 42 , 52"
25/11/2017,"06 , 07 , 17 , 28 , 39 , 58"
22/11/2017,"03 , 05 , 30 , 32 , 45 , 55"
19/11/2017,"11 , 12 , 20 , 30 , 32 , 49"
18/11/2017,"07 , 15 , 16 , 20 , 32 , 52"
15/11/2017,"04 , 08 , 29 , 31 , 37 , 44"
12/11/2017,"01 , 04 , 06 , 20 , 33 , 41"
11/11/2017,"06 , 09 , 13 , 37 , 42 , 54"
08/11/2017,"02 , 07 , 17 , 37 , 44 , 55"
07/11/2017,"05 , 07 , 17 , 28 , 34 , 37"
05/11/2017,"19 , 20 , 42 , 43 , 47 , 53"
04/11/2017,"04 , 37 , 50 , 56 , 57 , 58"
01/11/2017,"13 , 15 , 16 , 21 , 38 , 47"
31/10/2017,"11 , 16 , 18 , 24 , 50 , 58"
29/10/2017,"01 , 03 , 06 , 18 , 22 , 52"
28/10/2017,"04 , 13 , 19 , 21 , 33 , 58"
25/10/2017,"13 , 22 , 24 , 32 , 36 , 39"
22/10/2017,"08 , 30 , 32 , 34 , 37 , 39"
21/10/2017,"05 , 10 , 31 , 36 , 46 , 53"
18/10/2017,"06 , 09 , 27 , 40 , 41 , 50"
15/10/2017,"01 , 06 , 09 , 39 , 42 , 58"
14/10/2017,"07 , 40 , 44 , 45 , 48 , 57"
11/10/2017,"16 , 33 , 38 , 53 , 55 , 57"
08/10/2017,"01 , 06 , 15 , 19 , 37 , 40"
07/10/2017,"05 , 07 , 26 , 34 , 46 , 50"
04/10/2017,"11 , 25 , 27 , 41 , 42 , 49"
03/10/2017,"15 , 18 , 29 , 44 , 55 , 58"
01/10/2017,"11 , 20 , 29 , 40 , 43 , 57"
30/09/2017,"02 , 14 , 20 , 35 , 41 , 45"
27/09/2017,"04 , 15 , 18 , 19 , 26 , 57"
26/09/2017,"05 , 14 , 24 , 34 , 52 , 53"
24/09/2017,"14 , 27 , 28 , 33 , 46 , 47"
23/09/2017,"01 , 13 , 33 , 39 , 48 , 54"
20/09/2017,"02 , 06 , 13 , 26 , 41 , 48"
17/09/2017,"10 , 30 , 33 , 36 , 44 , 45"
16/09/2017,"37 , 42 , 44 , 45 , 46 , 54"
13/09/2017,"06 , 29 , 31 , 46 , 53 , 58"
10/09/2017,"03 , 10 , 27 , 29 , 32 , 48"
09/09/2017,"03 , 07 , 12 , 23 , 25 , 46"
06/09/2017,"07 , 20 , 32 , 38 , 45 , 49"
05/09/2017,"01 , 14 , 15 , 18 , 35 , 43"
03/09/2017,"04 , 06 , 11 , 36 , 48 , 50"
02/09/2017,"03 , 06 , 22 , 27 , 33 , 39"
30/08/2017,"19 , 21 , 32 , 33 , 34 , 55"
29/08/2017,"20 , 25 , 27 , 34 , 41 , 46"
27/08/2017,"09 , 10 , 14 , 28 , 30 , 55"
26/08/2017,"09 , 11 , 12 , 14 , 31 , 53"
23/08/2017,"03 , 04 , 11 , 22 , 28 , 56"
20/08/2017,"02 , 04 , 06 , 09 , 56 , 57"
19/08/2017,"01 , 06 , 28 , 38 , 46 , 57"
16/08/2017,"03 , 10 , 20 , 56 , 57 , 58"
13/08/2017,"11 , 12 , 30 , 35 , 45 , 47"
12/08/2017,"11 , 23 , 27 , 34 , 53 , 54"
09/08/2017,"10 , 12 , 15 , 23 , 43 , 49"
06/08/2017,"07 , 21 , 26 , 47 , 50 , 54"
05/08/2017,"14 , 33 , 37 , 42 , 53 , 56"
02/08/2017,"12 , 19 , 23 , 26 , 27 , 56"
01/08/2017,"10 , 13 , 14 , 29 , 36 , 54"
30/07/2017,"04 , 11 , 17 , 36 , 41 , 44"
29/07/2017,"07 , 16 , 18 , 25 , 27 , 50"
26/07/2017,"20 , 21 , 33 , 45 , 55 , 57"
25/07/2017,"20 , 32 , 33 , 50 , 54 , 57"
23/07/2017,"01 , 16 , 21 , 22 , 49 , 57"
22/07/2017,"17 , 22 , 27 , 29 , 52 , 56"
19/07/2017,"09 , 11 , 18 , 32 , 33 , 49"
16/07/2017,"01 , 07 , 08 , 14 , 27 , 44"
15/07/2017,"11 , 17 , 27 , 30 , 36 , 58"
12/07/2017,"05 , 07 , 14 , 17 , 42 , 43"
09/07/2017,"14 , 19 , 20 , 25 , 30 , 41"
08/07/2017,"16 , 19 , 23 , 43 , 47 , 50"
05/07/2017,"02 , 03 , 05 , 09 , 31 , 39"
04/07/2017,"04 , 31 , 36 , 42 , 50 , 56"
02/07/2017,"24 , 32 , 37 , 40 , 56 , 58"
01/07/2017,"19 , 33 , 44 , 48 , 51 , 53"
28/06/2017,"02 , 05 , 23 , 29 , 54 , 56"
25/06/2017,"07 , 30 , 36 , 39 , 42 , 44"
24/06/2017,"21 , 30 , 46 , 48 , 50 , 53"
21/06/2017,"03 , 09 , 20 , 52 , 56 , 58"
18/06/2017,"11 , 12 , 16 , 37 , 38 , 51"
17/06/2017,"03 , 13 , 14 , 22 , 33 , 58"
14/06/2017,"04 , 14 , 45 , 49 , 51 , 54"
11/06/2017,"05 , 07 , 09 , 23 , 33 , 35"
10/06/2017,"01 , 09 , 16 , 41 , 57 , 58"
07/06/2017,"12 , 13 , 22 , 24 , 47 , 57"
04/06/2017,"03 , 05 , 18 , 28 , 37 , 58"
03/06/2017,"13 , 18 , 22 , 34 , 43 , 46"
31/05/2017,"13 , 21 , 29 , 43 , 46 , 58"
28/05/2017,"27 , 34 , 37 , 41 , 52 , 53"
27/05/2017,"12 , 21 , 37 , 38 , 47 , 54"
24/05/2017,"05 , 30 , 36 , 42 , 48 , 51"
21/05/2017,"12 , 14 , 20 , 47 , 53 , 57"
20/05/2017,"09 , 13 , 45 , 53 , 54 , 55"
17/05/2017,"18 , 20 , 30 , 42 , 44 , 47"
14/05/2017,"04 , 08 , 29 , 35 , 47 , 52"
13/05/2017,"01 , 04 , 10 , 20 , 26 , 41"
10/05/2017,"08 , 15 , 16 , 25 , 31 , 35"
07/05/2017,"26 , 29 , 31 , 53 , 56 , 58"
06/05/2017,"06 , 24 , 27 , 28 , 34 , 48"
03/05/2017,"15 , 17 , 21 , 30 , 42 , 47"
02/05/2017,"01 , 08 , 16 , 19 , 24 , 36"
30/04/2017,"02 , 09 , 22 , 34 , 40 , 47"
29/04/2017,"11 , 15 , 32 , 35 , 39 , 41"
26/04/2017,"01 , 03 , 04 , 38 , 46 , 50"
25/04/2017,"01 , 24 , 26 , 28 , 41 , 53"
23/04/2017,"05 , 06 , 26 , 28 , 30 , 49"
22/04/2017,"03 , 06 , 07 , 20 , 31 , 41"
19/04/2017,"08 , 22 , 23 , 24 , 32 , 58"
16/04/2017,"09 , 11 , 25 , 35 , 39 , 51"
15/04/2017,"12 , 14 , 16 , 46 , 48 , 57"
12/04/2017,"01 , 11 , 24 , 35 , 42 , 49"
09/04/2017,"05 , 18 , 21 , 26 , 40 , 44"
08/04/2017,"07 , 08 , 14 , 33 , 49 , 58"
05/04/2017,"01 , 26 , 27 , 32 , 39 , 58"
04/04/2017,"05 , 18 , 20 , 26 , 36 , 49"
02/04/2017,"05 , 36 , 40 , 50 , 52 , 53"
01/04/2017,"07 , 12 , 20 , 26 , 36 , 51"
29/03/2017,"10 , 12 , 21 , 38 , 51 , 55"
28/03/2017,"14 , 20 , 33 , 40 , 42 , 51"
26/03/2017,"14 , 34 , 45 , 46 , 54 , 55"
25/03/2017,"13 , 23 , 25 , 26 , 53 , 58"
22/03/2017,"20 , 23 , 25 , 45 , 48 , 57"
19/03/2017,"04 , 05 , 13 , 20 , 55 , 56"
18/03/2017,"20 , 28 , 41 , 45 , 51 , 53"
15/03/2017,"04 , 26 , 27 , 43 , 45 , 56"
12/03/2017,"10 , 14 , 19 , 26 , 43 , 45"
11/03/2017,"08 , 11 , 13 , 25 , 26 , 35"
08/03/2017,"13 , 27 , 29 , 37 , 40 , 55"
05/03/2017,"12 , 14 , 15 , 34 , 39 , 49"
04/03/2017,"02 , 17 , 36 , 41 , 44 , 51"
01/03/2017,"07 , 14 , 34 , 47 , 52 , 55"
28/02/2017,"01 , 05 , 13 , 14 , 39 , 51"
26/02/2017,"02 , 26 , 27 , 32 , 53 , 54"
25/02/2017,"01 , 08 , 10 , 38 , 41 , 55"
22/02/2017,"12 , 22 , 32 , 33 , 51 , 53"
19/02/2017,"01 , 03 , 22 , 25 , 31 , 53"
18/02/2017,"17 , 21 , 36 , 42 , 46 , 51"
15/02/2017,"19 , 20 , 21 , 34 , 48 , 57"
12/02/2017,"30 , 32 , 50 , 52 , 53 , 55"
11/02/2017,"33 , 38 , 39 , 47 , 48 , 53"
08/02/2017,"07 , 20 , 41 , 47 , 51 , 58"
07/02/2017,"04 , 15 , 18 , 38 , 47 , 53"
05/02/2017,"01 , 05 , 16 , 20 , 27 , 54"
04/02/2017,"08 , 17 , 33 , 35 , 38 , 55"
01/02/2017,"03 , 04 , 18 , 38 , 44 , 52"
31/01/2017,"07 , 10 , 17 , 28 , 51 , 57"
29/01/2017,"03 , 07 , 11 , 27 , 32 , 57"
28/01/2017,"04 , 16 , 26 , 28 , 30 , 31"
25/01/2017,"08 , 24 , 33 , 36 , 54 , 56"
24/01/2017,"01 , 25 , 26 , 39 , 52 , 55"
22/01/2017,"06 , 10 , 29 , 34 , 45 , 52"
21/01/2017,"04 , 29 , 37 , 45 , 46 , 50"
18/01/2017,"01 , 05 , 08 , 32 , 37 , 49"
17/01/2017,"23 , 33 , 48 , 49 , 51 , 58"
15/01/2017,"38 , 39 , 45 , 46 , 52 , 58"
14/01/2017,"01 , 22 , 36 , 43 , 54 , 58"
11/01/2017,"11 , 12 , 15 , 23 , 29 , 51"
08/01/2017,"01 , 24 , 26 , 28 , 32 , 53"
07/01/2017,"03 , 06 , 19 , 34 , 36 , 47"
04/01/2017,"19 , 20 , 23 , 50 , 53 , 54"
03/01/2017,"11 , 14 , 25 , 46 , 54 , 58"
01/01/2017,"02 , 07 , 14 , 16 , 24 , 45"
31/12/2016,"02 , 03 , 09 , 14 , 16 , 23"
28/12/2016,"15 , 28 , 32 , 46 , 55 , 56"
27/12/2016,"03 , 08 , 26 , 29 , 32 , 36"
25/12/2016,"02 , 28 , 37 , 39 , 49 , 50"
24/12/2016,"02 , 25 , 33 , 48 , 52 , 57"
21/12/2016,"25 , 27 , 33 , 38 , 40 , 50"
18/12/2016,"06 , 11 , 17 , 25 , 36 , 52"
17/12/2016,"02 , 14 , 22 , 27 , 51 , 52"
14/12/2016,"01 , 06 , 26 , 35 , 38 , 43"
11/12/2016,"08 , 17 , 21 , 25 , 35 , 50"
10/12/2016,"07 , 10 , 12 , 15 , 28 , 57"
07/12/2016,"14 , 20 , 37 , 50 , 51 , 52"
06/12/2016,"11 , 12 , 17 , 19 , 41 , 53"
04/12/2016,"07 , 10 , 34 , 38 , 50 , 52"
03/12/2016,"05 , 19 , 23 , 37 , 42 , 55"
30/11/2016,"19 , 25 , 28 , 36 , 44 , 49"
29/11/2016,"01 , 06 , 15 , 18 , 26 , 27"
27/11/2016,"01 , 18 , 27 , 44 , 45 , 46"
26/11/2016,"21 , 27 , 30 , 45 , 54 , 58"
23/11/2016,"22 , 34 , 40 , 42 , 48 , 52"
20/11/2016,"09 , 13 , 24 , 26 , 36 , 53"
19/11/2016,"12 , 22 , 34 , 36 , 39 , 50"
16/11/2016,"19 , 30 , 40 , 44 , 45 , 50"
13/11/2016,"01 , 10 , 21 , 27 , 51 , 57"
12/11/2016,"01 , 17 , 23 , 26 , 36 , 55"
09/11/2016,"14 , 21 , 38 , 42 , 50 , 56"
06/11/2016,"02 , 21 , 39 , 45 , 52 , 57"
05/11/2016,"07 , 11 , 15 , 22 , 56 , 57"
02/11/2016,"12 , 16 , 35 , 41 , 46 , 48"
01/11/2016,"23 , 35 , 40 , 41 , 42 , 48"
30/10/2016,"15 , 22 , 28 , 40 , 43 , 52"
29/10/2016,"11 , 18 , 26 , 37 , 55 , 58"
26/10/2016,"03 , 04 , 12 , 13 , 44 , 51"
25/10/2016,"28 , 31 , 35 , 50 , 52 , 58"
23/10/2016,"04 , 36 , 39 , 40 , 44 , 47"
22/10/2016,"13 , 27 , 28 , 31 , 32 , 58"
19/10/2016,"29 , 33 , 37 , 46 , 50 , 54"
16/10/2016,"09 , 28 , 46 , 47 , 52 , 54"
15/10/2016,"11 , 12 , 16 , 19 , 35 , 41"
12/10/2016,"10 , 16 , 30 , 31 , 34 , 46"
09/10/2016,"17 , 21 , 23 , 27 , 31 , 37"
08/10/2016,"04 , 11 , 12 , 14 , 26 , 31"
05/10/2016,"04 , 27 , 28 , 39 , 53 , 58"
04/10/2016,"14 , 16 , 26 , 35 , 48 , 49"
02/10/2016,"04 , 11 , 14 , 25 , 41 , 51"
01/10/2016,"05 , 07 , 16 , 27 , 39 , 58"
28/09/2016,"10 , 14 , 15 , 23 , 28 , 47"
27/09/2016,"01 , 14 , 35 , 36 , 42 , 50"
25/09/2016,"30 , 42 , 43 , 46 , 52 , 58"
24/09/2016,"12 , 21 , 22 , 39 , 41 , 54"
21/09/2016,"03 , 10 , 16 , 17 , 20 , 25"
18/09/2016,"06 , 18 , 21 , 31 , 48 , 54"
17/09/2016,"11 , 14 , 34 , 40 , 42 , 51"
14/09/2016,"14 , 18 , 24 , 41 , 43 , 45"
11/09/2016,"16 , 23 , 31 , 39 , 43 , 55"
10/09/2016,"03 , 12 , 18 , 19 , 46 , 51"
07/09/2016,"12 , 22 , 24 , 38 , 43 , 48"
06/09/2016,"03 , 17 , 30 , 31 , 34 , 36"
04/09/2016,"06 , 11 , 13 , 19 , 53 , 58"
03/09/2016,"12 , 22 , 25 , 26 , 29 , 39"
31/08/2016,"05 , 06 , 21 , 36 , 37 , 43"
30/08/2016,"07 , 13 , 16 , 32 , 42 , 53"
28/08/2016,"09 , 15 , 16 , 33 , 45 , 49"
27/08/2016,"05 , 11 , 16 , 18 , 19 , 34"
24/08/2016,"02 , 16 , 26 , 32 , 49 , 58"
21/08/2016,"07 , 23 , 28 , 39 , 43 , 58"
20/08/2016,"11 , 13 , 16 , 17 , 27 , 46"
17/08/2016,"07 , 09 , 10 , 11 , 39 , 50"
14/08/2016,"22 , 30 , 37 , 41 , 46 , 48"
13/08/2016,"09 , 10 , 25 , 31 , 34 , 55"
10/08/2016,"04 , 07 , 11 , 14 , 16 , 44"
09/08/2016,"19 , 21 , 22 , 34 , 41 , 56"
07/08/2016,"05 , 19 , 33 , 44 , 50 , 57"
06/08/2016,"08 , 18 , 19 , 25 , 29 , 33"
03/08/2016,"01 , 12 , 37 , 47 , 50 , 52"
31/07/2016,"01 , 13 , 18 , 19 , 45 , 53"
30/07/2016,"02 , 05 , 12 , 35 , 36 , 41"
27/07/2016,"01 , 20 , 23 , 28 , 53 , 58"
24/07/2016,"06 , 25 , 29 , 36 , 48 , 58"
23/07/2016,"01 , 02 , 10 , 20 , 37 , 57"
20/07/2016,"36 , 40 , 45 , 52 , 54 , 58"
17/07/2016,"19 , 31 , 36 , 41 , 43 , 49"
16/07/2016,"10 , 29 , 36 , 38 , 47 , 49"
13/07/2016,"12 , 19 , 21 , 26 , 40 , 57"
12/07/2016,"02 , 17 , 19 , 33 , 47 , 56"
10/07/2016,"01 , 15 , 33 , 42 , 49 , 53"
09/07/2016,"08 , 19 , 26 , 33 , 41 , 43"
06/07/2016,"01 , 02 , 04 , 06 , 40 , 46"
03/07/2016,"02 , 08 , 14 , 28 , 44 , 49"
02/07/2016,"11 , 12 , 30 , 35 , 37 , 51"
29/06/2016,"12 , 21 , 27 , 41 , 54 , 55"
26/06/2016,"03 , 05 , 13 , 44 , 53 , 54"
25/06/2016,"04 , 10 , 11 , 12 , 42 , 48"
22/06/2016,"02 , 06 , 09 , 34 , 36 , 51"
19/06/2016,"10 , 12 , 23 , 37 , 46 , 55"
18/06/2016,"02 , 14 , 33 , 39 , 42 , 52"
15/06/2016,"08 , 30 , 36 , 47 , 50 , 52"
12/06/2016,"10 , 17 , 19 , 20 , 40 , 42"
11/06/2016,"05 , 07 , 39 , 43 , 52 , 57"
08/06/2016,"02 , 05 , 11 , 15 , 42 , 46"
05/06/2016,"24 , 31 , 47 , 49 , 53 , 58"
04/06/2016,"02 , 10 , 15 , 34 , 46 , 54"
01/06/2016,"01 , 10 , 11 , 38 , 48 , 54"
31/05/2016,"27 , 29 , 30 , 41 , 42 , 53"
29/05/2016,"02 , 03 , 09 , 25 , 45 , 53"
28/05/2016,"10 , 17 , 19 , 46 , 50 , 52"
25/05/2016,"01 , 13 , 28 , 41 , 46 , 54"
22/05/2016,"04 , 16 , 49 , 51 , 55 , 56"
21/05/2016,"04 , 06 , 08 , 15 , 18 , 34"
18/05/2016,"11 , 14 , 33 , 40 , 47 , 53"
15/05/2016,"10 , 37 , 44 , 46 , 54 , 56"
14/05/2016,"06 , 11 , 21 , 24 , 29 , 56"
11/05/2016,"01 , 35 , 36 , 38 , 42 , 58"
08/05/2016,"11 , 35 , 37 , 42 , 43 , 56"
07/05/2016,"10 , 28 , 31 , 32 , 41 , 52"
04/05/2016,"15 , 19 , 36 , 40 , 41 , 51"
03/05/2016,"05 , 14 , 24 , 33 , 46 , 57"
01/05/2016,"01 , 09 , 10 , 13 , 26 , 31"
30/04/2016,"04 , 12 , 29 , 36 , 40 , 51"
27/04/2016,"05 , 08 , 15 , 36 , 40 , 52"
26/04/2016,"12 , 15 , 16 , 35 , 36 , 46"
24/04/2016,"11 , 23 , 27 , 29 , 37 , 55"
23/04/2016,"05 , 28 , 34 , 51 , 54 , 55"
20/04/2016,"04 , 10 , 11 , 17 , 33 , 44"
17/04/2016,"02 , 04 , 06 , 13 , 23 , 33"
16/04/2016,"17 , 25 , 31 , 34 , 37 , 52"
13/04/2016,"02 , 20 , 24 , 34 , 41 , 51"
10/04/2016,"05 , 19 , 31 , 39 , 42 , 44"
09/04/2016,"03 , 04 , 27 , 40 , 44 , 51"
06/04/2016,"02 , 10 , 37 , 45 , 52 , 54"
05/04/2016,"06 , 09 , 17 , 18 , 28 , 53"
03/04/2016,"09 , 10 , 32 , 33 , 46 , 58"
02/04/2016,"01 , 06 , 17 , 29 , 31 , 34"
30/03/2016,"03 , 05 , 11 , 14 , 23 , 56"
29/03/2016,"16 , 32 , 33 , 39 , 44 , 54"
27/03/2016,"17 , 22 , 26 , 29 , 44 , 50"
26/03/2016,"04 , 07 , 20 , 22 , 23 , 26"
23/03/2016,"14 , 20 , 21 , 36 , 47 , 58"
20/03/2016,"17 , 22 , 29 , 32 , 38 , 46"
19/03/2016,"11 , 29 , 45 , 49 , 51 , 52"
16/03/2016,"12 , 13 , 16 , 21 , 27 , 50"
13/03/2016,"05 , 08 , 35 , 36 , 46 , 47"
12/03/2016,"11 , 25 , 28 , 40 , 42 , 45"
09/03/2016,"04 , 11 , 33 , 39 , 43 , 44"
06/03/2016,"17 , 18 , 32 , 42 , 49 , 52"
05/03/2016,"10 , 19 , 26 , 42 , 44 , 45"
02/03/2016,"08 , 19 , 25 , 26 , 31 , 35"
01/03/2016,"12 , 14 , 15 , 24 , 30 , 44"
28/02/2016,"03 , 11 , 15 , 26 , 34 , 37"
27/02/2016,"14 , 19 , 30 , 33 , 44 , 52"
24/02/2016,"08 , 16 , 27 , 33 , 48 , 57"
23/02/2016,"19 , 29 , 39 , 48 , 55 , 58"
21/02/2016,"20 , 32 , 39 , 43 , 53 , 58"
20/02/2016,"03 , 10 , 21 , 27 , 42 , 50"
17/02/2016,"03 , 06 , 13 , 31 , 52 , 54"
16/02/2016,"08 , 15 , 31 , 36 , 55 , 56"
14/02/2016,"10 , 11 , 24 , 25 , 34 , 44"
13/02/2016,"07 , 13 , 16 , 23 , 28 , 29"
10/02/2016,"13 , 27 , 31 , 40 , 46 , 55"
09/02/2016,"37 , 43 , 44 , 48 , 53 , 55"
07/02/2016,"27 , 33 , 36 , 50 , 51 , 57"
06/02/2016,"17 , 20 , 25 , 43 , 48 , 52"
03/02/2016,"02 , 06 , 09 , 21 , 26 , 29"
31/01/2016,"03 , 05 , 26 , 28 , 47 , 50"
30/01/2016,"01 , 10 , 12 , 34 , 36 , 49"
27/01/2016,"04 , 07 , 10 , 14 , 29 , 34"
26/01/2016,"16 , 35 , 36 , 37 , 47 , 53"
24/01/2016,"02 , 16 , 33 , 44 , 54 , 56"
23/01/2016,"03 , 04 , 25 , 28 , 31 , 57"
20/01/2016,"04 , 05 , 40 , 46 , 52 , 55"
17/01/2016,"14 , 15 , 17 , 34 , 51 , 55"
16/01/2016,"07 , 10 , 24 , 36 , 37 , 45"
13/01/2016,"14 , 29 , 39 , 43 , 45 , 47"
10/01/2016,"01 , 11 , 14 , 32 , 45 , 55"
09/01/2016,"13 , 16 , 25 , 32 , 33 , 47"
06/01/2016,"07 , 13 , 16 , 19 , 26 , 42"
05/01/2016,"19 , 20 , 23 , 25 , 29 , 54"
03/01/2016,"05 , 26 , 27 , 28 , 33 , 51"
02/01/2016,"01 , 21 , 29 , 34 , 57 , 58"
30/12/2015,"06 , 07 , 31 , 50 , 52 , 55"
29/12/2015,"05 , 12 , 21 , 30 , 31 , 46"
27/12/2015,"13 , 15 , 20 , 23 , 52 , 57"
26/12/2015,"08 , 23 , 31 , 32 , 42 , 45"
23/12/2015,"10 , 21 , 25 , 30 , 45 , 46"
20/12/2015,"04 , 11 , 26 , 33 , 46 , 47"
19/12/2015,"15 , 16 , 25 , 26 , 40 , 57"
16/12/2015,"01 , 19 , 32 , 38 , 51 , 58"
13/12/2015,"04 , 12 , 17 , 38 , 39 , 41"
12/12/2015,"07 , 16 , 22 , 48 , 53 , 56"
09/12/2015,"06 , 18 , 46 , 47 , 56 , 58"
06/12/2015,"06 , 23 , 24 , 32 , 34 , 57"
05/12/2015,"35 , 38 , 41 , 42 , 43 , 52"
02/12/2015,"20 , 21 , 24 , 45 , 49 , 52"
01/12/2015,"22 , 33 , 40 , 50 , 54 , 56"
29/11/2015,"27 , 41 , 48 , 49 , 51 , 58"
28/11/2015,"03 , 11 , 18 , 35 , 47 , 56"
25/11/2015,"15 , 24 , 27 , 41 , 48 , 58"
24/11/2015,"04 , 06 , 24 , 27 , 43 , 49"
22/11/2015,"05 , 26 , 28 , 46 , 51 , 53"
21/11/2015,"09 , 12 , 37 , 41 , 45 , 47"
18/11/2015,"01 , 07 , 12 , 29 , 34 , 41"
15/11/2015,"05 , 09 , 14 , 41 , 44 , 55"
14/11/2015,"21 , 27 , 39 , 50 , 51 , 53"
11/11/2015,"06 , 14 , 18 , 35 , 50 , 54"
08/11/2015,"33 , 47 , 49 , 53 , 56 , 57"
07/11/2015,"27 , 29 , 34 , 41 , 50 , 52"
04/11/2015,"05 , 24 , 32 , 38 , 49 , 53"
03/11/2015,"03 , 15 , 17 , 23 , 25 , 27"
01/11/2015,"03 , 15 , 37 , 50 , 55 , 56"
31/10/2015,"03 , 13 , 22 , 40 , 44 , 47"
28/10/2015,"31 , 32 , 36 , 43 , 48 , 58"
27/10/2015,"01 , 04 , 33 , 35 , 37 , 54"
25/10/2015,"15 , 17 , 20 , 43 , 54 , 58"
24/10/2015,"01 , 08 , 23 , 44 , 45 , 54"
21/10/2015,"08 , 13 , 14 , 27 , 30 , 45"
18/10/2015,"14 , 18 , 31 , 41 , 44 , 57"
17/10/2015,"27 , 28 , 41 , 43 , 44 , 56"
14/10/2015,"10 , 22 , 27 , 38 , 43 , 53"
11/10/2015,"24 , 45 , 46 , 51 , 54 , 55"
10/10/2015,"04 , 05 , 11 , 38 , 51 , 56"
07/10/2015,"11 , 15 , 29 , 49 , 52 , 55"
06/10/2015,"21 , 37 , 38 , 40 , 43 , 54"
04/10/2015,"19 , 25 , 33 , 49 , 55 , 57"
03/10/2015,"06 , 12 , 20 , 39 , 50 , 55"
30/09/2015,"08 , 10 , 24 , 30 , 36 , 44"
29/09/2015,"09 , 28 , 29 , 34 , 37 , 38"
27/09/2015,"03 , 04 , 05 , 36 , 44 , 46"
26/09/2015,"05 , 20 , 22 , 28 , 38 , 57"
23/09/2015,"12 , 13 , 14 , 26 , 27 , 39"
20/09/2015,"06 , 13 , 22 , 44 , 45 , 55"
19/09/2015,"01 , 24 , 37 , 44 , 49 , 57"
16/09/2015,"01 , 09 , 23 , 32 , 44 , 55"
13/09/2015,"01 , 35 , 40 , 46 , 52 , 54"
12/09/2015,"11 , 20 , 29 , 35 , 37 , 39"
09/09/2015,"02 , 03 , 34 , 41 , 49 , 57"
06/09/2015,"01 , 15 , 18 , 23 , 24 , 57"
05/09/2015,"05 , 24 , 30 , 39 , 45 , 48"
02/09/2015,"12 , 14 , 46 , 51 , 52 , 57"
01/09/2015,"07 , 09 , 20 , 30 , 37 , 38"
30/08/2015,"01 , 04 , 09 , 15 , 56 , 57"
29/08/2015,"06 , 12 , 15 , 34 , 37 , 44"
26/08/2015,"26 , 37 , 44 , 45 , 47 , 48"
23/08/2015,"06 , 08 , 12 , 39 , 49 , 58"
22/08/2015,"08 , 31 , 32 , 33 , 43 , 49"
19/08/2015,"27 , 30 , 34 , 39 , 47 , 48"
16/08/2015,"16 , 19 , 21 , 23 , 25 , 57"
15/08/2015,"01 , 07 , 12 , 28 , 35 , 40"
12/08/2015,"06 , 25 , 30 , 32 , 34 , 43"
09/08/2015,"08 , 17 , 21 , 30 , 32 , 41"
08/08/2015,"07 , 08 , 18 , 40 , 43 , 56"
05/08/2015,"03 , 10 , 22 , 23 , 29 , 46"
04/08/2015,"07 , 11 , 14 , 19 , 47 , 51"
02/08/2015,"28 , 32 , 45 , 50 , 54 , 57"
01/08/2015,"01 , 17 , 21 , 25 , 33 , 46"
29/07/2015,"02 , 32 , 33 , 40 , 46 , 55"
28/07/2015,"01 , 12 , 16 , 24 , 52 , 53"
26/07/2015,"01 , 14 , 23 , 25 , 30 , 48"
25/07/2015,"08 , 10 , 12 , 27 , 29 , 38"
22/07/2015,"09 , 15 , 29 , 34 , 51 , 56"
19/07/2015,"04 , 25 , 29 , 47 , 54 , 55"
18/07/2015,"03 , 04 , 12 , 49 , 50 , 53"
15/07/2015,"02 , 10 , 19 , 30 , 32 , 38"
12/07/2015,"11 , 20 , 27 , 37 , 46 , 48"
11/07/2015,"01 , 07 , 09 , 20 , 27 , 57"
08/07/2015,"27 , 30 , 42 , 51 , 54 , 58"
05/07/2015,"08 , 09 , 21 , 30 , 35 , 56"
04/07/2015,"22 , 25 , 26 , 46 , 51 , 52"
01/07/2015,"02 , 07 , 16 , 23 , 48 , 54"
28/06/2015,"03 , 08 , 24 , 25 , 26 , 41"
27/06/2015,"29 , 46 , 47 , 48 , 54 , 57"
24/06/2015,"01 , 05 , 25 , 49 , 51 , 54"
21/06/2015,"27 , 32 , 38 , 44 , 56 , 58"
20/06/2015,"02 , 04 , 11 , 31 , 45 , 53"
17/06/2015,"17 , 27 , 36 , 43 , 46 , 47"
14/06/2015,"08 , 13 , 20 , 31 , 35 , 44"
13/06/2015,"01 , 11 , 22 , 31 , 36 , 40"
10/06/2015,"03 , 07 , 19 , 30 , 42 , 49"
07/06/2015,"14 , 18 , 31 , 39 , 44 , 52"
06/06/2015,"39 , 40 , 41 , 45 , 56 , 58"
03/06/2015,"05 , 16 , 23 , 28 , 55 , 57"
02/06/2015,"05 , 26 , 31 , 40 , 44 , 57"
31/05/2015,"07 , 11 , 21 , 25 , 35 , 39"
30/05/2015,"06 , 19 , 25 , 39 , 46 , 58"
27/05/2015,"15 , 17 , 19 , 27 , 36 , 46"
26/05/2015,"03 , 04 , 23 , 33 , 35 , 58"
24/05/2015,"02 , 19 , 25 , 53 , 57 , 58"
23/05/2015,"25 , 42 , 44 , 48 , 50 , 54"
20/05/2015,"11 , 14 , 15 , 31 , 56 , 58"
17/05/2015,"21 , 24 , 25 , 28 , 31 , 51"
16/05/2015,"09 , 29 , 30 , 31 , 37 , 42"
13/05/2015,"02 , 04 , 28 , 36 , 52 , 53"
10/05/2015,"20 , 35 , 36 , 39 , 45 , 53"
09/05/2015,"19 , 29 , 32 , 35 , 43 , 48"
06/05/2015,"06 , 25 , 26 , 41 , 49 , 52"
05/05/2015,"03 , 13 , 24 , 27 , 28 , 31"
03/05/2015,"18 , 20 , 22 , 38 , 47 , 58"
02/05/2015,"02 , 09 , 32 , 41 , 47 , 56"
29/04/2015,"04 , 05 , 06 , 29 , 32 , 44"
28/04/2015,"26 , 33 , 34 , 38 , 44 , 51"
26/04/2015,"16 , 26 , 28 , 37 , 43 , 56"
25/04/2015,"09 , 11 , 25 , 26 , 29 , 45"
22/04/2015,"07 , 12 , 16 , 24 , 31 , 58"
19/04/2015,"09 , 36 , 40 , 44 , 50 , 57"
18/04/2015,"01 , 42 , 48 , 53 , 57 , 58"
15/04/2015,"06 , 13 , 18 , 24 , 35 , 50"
12/04/2015,"07 , 14 , 40 , 41 , 48 , 53"
11/04/2015,"08 , 35 , 38 , 48 , 49 , 58"
08/04/2015,"14 , 20 , 31 , 40 , 50 , 56"
07/04/2015,"08 , 20 , 24 , 32 , 33 , 54"
05/04/2015,"05 , 07 , 11 , 38 , 44 , 51"
04/04/2015,"32 , 33 , 39 , 41 , 54 , 56"
01/04/2015,"12 , 14 , 22 , 27 , 31 , 46"
31/03/2015,"01 , 04 , 10 , 21 , 48 , 54"
29/03/2015,"02 , 19 , 24 , 27 , 39 , 49"
28/03/2015,"13 , 14 , 15 , 32 , 47 , 54"
25/03/2015,"10 , 15 , 26 , 41 , 53 , 55"
22/03/2015,"06 , 23 , 42 , 43 , 45 , 56"
21/03/2015,"06 , 22 , 33 , 34 , 39 , 45"
18/03/2015,"14 , 16 , 18 , 32 , 48 , 54"
15/03/2015,"07 , 12 , 13 , 24 , 32 , 57"
14/03/2015,"05 , 10 , 19 , 24 , 26 , 33"
11/03/2015,"18 , 19 , 27 , 32 , 36 , 39"
08/03/2015,"02 , 09 , 24 , 31 , 49 , 53"
07/03/2015,"06 , 21 , 26 , 35 , 41 , 42"
04/03/2015,"04 , 07 , 09 , 20 , 30 , 39"
03/03/2015,"18 , 22 , 36 , 48 , 54 , 55"
01/03/2015,"14 , 30 , 41 , 49 , 54 , 58"
28/02/2015,"19 , 28 , 38 , 43 , 53 , 55"
25/02/2015,"03 , 07 , 24 , 26 , 33 , 51"
24/02/2015,"08 , 13 , 14 , 17 , 31 , 54"
22/02/2015,"01 , 22 , 29 , 47 , 55 , 56"
21/02/2015,"05 , 19 , 21 , 51 , 54 , 55"
18/02/2015,"10 , 13 , 36 , 40 , 50 , 56"
17/02/2015,"21 , 27 , 30 , 42 , 52 , 57"
15/02/2015,"25 , 35 , 39 , 43 , 45 , 48"
14/02/2015,"09 , 13 , 21 , 28 , 29 , 34"
11/02/2015,"08 , 17 , 20 , 31 , 52 , 54"
08/02/2015,"14 , 19 , 30 , 45 , 50 , 57"
07/02/2015,"12 , 18 , 20 , 27 , 42 , 47"
04/02/2015,"07 , 19 , 37 , 41 , 47 , 58"
03/02/2015,"09 , 15 , 18 , 38 , 52 , 57"
01/02/2015,"12 , 24 , 25 , 51 , 52 , 57"
31/01/2015,"02 , 12 , 36 , 45 , 53 , 58"
28/01/2015,"04 , 05 , 15 , 18 , 24 , 25"
27/01/2015,"14 , 16 , 17 , 24 , 39 , 57"
25/01/2015,"12 , 13 , 15 , 22 , 24 , 46"
24/01/2015,"05 , 10 , 21 , 23 , 29 , 54"
21/01/2015,"24 , 42 , 44 , 48 , 53 , 55"
18/01/2015,"06 , 09 , 12 , 13 , 20 , 26"
17/01/2015,"08 , 10 , 12 , 34 , 47 , 49"
14/01/2015,"06 , 08 , 26 , 45 , 47 , 51"
11/01/2015,"06 , 12 , 23 , 46 , 48 , 56"
10/01/2015,"10 , 12 , 33 , 40 , 45 , 46"
07/01/2015,"03 , 09 , 27 , 42 , 43 , 56"
06/01/2015,"02 , 06 , 22 , 36 , 46 , 55"
04/01/2015,"06 , 12 , 14 , 18 , 33 , 57"
03/01/2015,"06 , 14 , 31 , 32 , 40 , 54"
31/12/2014,"04 , 12 , 25 , 38 , 40 , 49"
30/12/2014,"11 , 23 , 25 , 46 , 49 , 54"
28/12/2014,"11 , 19 , 24 , 30 , 37 , 41"
27/12/2014,"01 , 08 , 16 , 20 , 38 , 39"
24/12/2014,"01 , 09 , 15 , 17 , 50 , 53"
21/12/2014,"02 , 11 , 22 , 44 , 49 , 54"
20/12/2014,"09 , 14 , 18 , 34 , 46 , 53"
17/12/2014,"08 , 24 , 26 , 32 , 46 , 48"
14/12/2014,"07 , 23 , 30 , 32 , 49 , 55"
13/12/2014,"02 , 12 , 29 , 31 , 34 , 55"
10/12/2014,"12 , 17 , 24 , 34 , 36 , 58"
07/12/2014,"03 , 18 , 20 , 23 , 39 , 54"
06/12/2014,"07 , 22 , 23 , 46 , 49 , 57"
03/12/2014,"22 , 31 , 38 , 42 , 45 , 50"
02/12/2014,"12 , 14 , 20 , 31 , 38 , 47"
30/11/2014,"01 , 35 , 40 , 42 , 47 , 49"
29/11/2014,"04 , 15 , 17 , 27 , 29 , 44"
26/11/2014,"06 , 10 , 42 , 46 , 49 , 54"
25/11/2014,"17 , 18 , 24 , 42 , 47 , 50"
23/11/2014,"15 , 17 , 18 , 49 , 52 , 58"
22/11/2014,"11 , 12 , 21 , 33 , 47 , 50"
19/11/2014,"09 , 13 , 21 , 24 , 36 , 53"
16/11/2014,"20 , 27 , 32 , 39 , 54 , 57"
15/11/2014,"14 , 22 , 27 , 32 , 34 , 58"
12/11/2014,"17 , 24 , 31 , 37 , 43 , 53"
09/11/2014,"05 , 06 , 21 , 27 , 33 , 51"
08/11/2014,"13 , 17 , 20 , 33 , 34 , 39"
05/11/2014,"07 , 10 , 19 , 28 , 41 , 42"
04/11/2014,"12 , 14 , 19 , 28 , 29 , 32"
02/11/2014,"01 , 04 , 06 , 36 , 38 , 44"
01/11/2014,"05 , 15 , 30 , 34 , 39 , 51"
29/10/2014,"08 , 10 , 11 , 36 , 39 , 44"
28/10/2014,"12 , 17 , 20 , 26 , 36 , 46"
26/10/2014,"36 , 37 , 44 , 46 , 55 , 58"
25/10/2014,"02 , 06 , 10 , 16 , 24 , 54"
22/10/2014,"13 , 16 , 20 , 22 , 29 , 40"
19/10/2014,"03 , 06 , 09 , 36 , 52 , 53"
18/10/2014,"06 , 15 , 44 , 45 , 54 , 58"
15/10/2014,"01 , 17 , 21 , 24 , 48 , 54"
12/10/2014,"20 , 23 , 28 , 39 , 41 , 47"
11/10/2014,"20 , 22 , 27 , 30 , 49 , 54"
08/10/2014,"02 , 18 , 27 , 29 , 47 , 57"
07/10/2014,"04 , 11 , 15 , 28 , 39 , 57"
05/10/2014,"04 , 06 , 13 , 14 , 26 , 55"
04/10/2014,"03 , 12 , 16 , 38 , 47 , 52"
01/10/2014,"03 , 16 , 24 , 40 , 43 , 44"
30/09/2014,"02 , 06 , 11 , 17 , 47 , 49"
28/09/2014,"02 , 03 , 26 , 35 , 45 , 48"
27/09/2014,"02 , 19 , 31 , 39 , 46 , 49"
24/09/2014,"01 , 15 , 25 , 37 , 48 , 56"
21/09/2014,"03 , 04 , 10 , 13 , 46 , 57"
20/09/2014,"19 , 23 , 31 , 33 , 51 , 54"
17/09/2014,"01 , 02 , 14 , 33 , 37 , 46"
14/09/2014,"12 , 14 , 15 , 21 , 36 , 47"
13/09/2014,"02 , 05 , 07 , 21 , 44 , 48"
10/09/2014,"05 , 21 , 23 , 33 , 42 , 55"
07/09/2014,"01 , 03 , 13 , 30 , 44 , 58"
06/09/2014,"04 , 15 , 39 , 44 , 51 , 57"
03/09/2014,"01 , 08 , 34 , 39 , 46 , 55"
02/09/2014,"05 , 22 , 24 , 26 , 42 , 46"
31/08/2014,"15 , 17 , 19 , 39 , 51 , 52"
30/08/2014,"02 , 20 , 45 , 49 , 54 , 55"
27/08/2014,"12 , 13 , 15 , 24 , 29 , 31"
26/08/2014,"11 , 24 , 31 , 38 , 40 , 53"
24/08/2014,"08 , 11 , 13 , 31 , 33 , 54"
23/08/2014,"29 , 30 , 36 , 42 , 46 , 53"
20/08/2014,"09 , 17 , 21 , 30 , 39 , 42"
17/08/2014,"21 , 34 , 36 , 47 , 50 , 53"
16/08/2014,"14 , 25 , 28 , 42 , 48 , 55"
13/08/2014,"01 , 15 , 42 , 44 , 49 , 54"
10/08/2014,"04 , 07 , 24 , 34 , 40 , 48"
09/08/2014,"10 , 18 , 30 , 50 , 56 , 57"
06/08/2014,"24 , 30 , 36 , 45 , 52 , 56"
05/08/2014,"09 , 12 , 18 , 19 , 20 , 51"
03/08/2014,"02 , 07 , 10 , 22 , 38 , 54"
02/08/2014,"10 , 13 , 26 , 40 , 47 , 53"
30/07/2014,"25 , 32 , 44 , 52 , 54 , 58"
27/07/2014,"04 , 06 , 29 , 33 , 36 , 45"
26/07/2014,"06 , 15 , 16 , 31 , 38 , 44"
23/07/2014,"15 , 22 , 23 , 29 , 34 , 44"
20/07/2014,"19 , 29 , 37 , 46 , 51 , 54"
19/07/2014,"02 , 15 , 35 , 44 , 53 , 54"
16/07/2014,"11 , 20 , 29 , 39 , 49 , 58"
13/07/2014,"01 , 20 , 25 , 26 , 42 , 44"
12/07/2014,"12 , 26 , 35 , 37 , 39 , 46"
09/07/2014,"12 , 21 , 25 , 37 , 39 , 58"
06/07/2014,"01 , 07 , 15 , 29 , 36 , 37"
05/07/2014,"10 , 19 , 27 , 29 , 34 , 48"
02/07/2014,"22 , 23 , 30 , 31 , 41 , 43"
29/06/2014,"04 , 09 , 10 , 11 , 49 , 52"
28/06/2014,"15 , 42 , 49 , 54 , 55 , 56"
25/06/2014,"21 , 24 , 26 , 30 , 45 , 57"
24/06/2014,"05 , 09 , 17 , 28 , 32 , 48"
22/06/2014,"07 , 19 , 20 , 26 , 37 , 54"
21/06/2014,"03 , 06 , 21 , 39 , 52 , 54"
18/06/2014,"12 , 26 , 31 , 41 , 51 , 52"
15/06/2014,"05 , 07 , 15 , 22 , 31 , 55"
14/06/2014,"17 , 19 , 20 , 32 , 50 , 53"
11/06/2014,"28 , 30 , 31 , 35 , 36 , 47"
08/06/2014,"01 , 24 , 30 , 36 , 47 , 49"
07/06/2014,"14 , 16 , 20 , 44 , 57 , 58"
04/06/2014,"08 , 16 , 18 , 29 , 37 , 40"
03/06/2014,"07 , 09 , 21 , 35 , 44 , 52"
01/06/2014,"06 , 12 , 16 , 28 , 37 , 42"
31/05/2014,"04 , 18 , 19 , 42 , 43 , 53"
28/05/2014,"20 , 23 , 27 , 50 , 55 , 56"
25/05/2014,"01 , 02 , 05 , 18 , 21 , 41"
24/05/2014,"16 , 20 , 22 , 24 , 28 , 34"
21/05/2014,"08 , 29 , 37 , 39 , 45 , 48"
18/05/2014,"13 , 24 , 42 , 49 , 53 , 55"
17/05/2014,"03 , 10 , 35 , 38 , 53 , 54"
14/05/2014,"10 , 25 , 39 , 45 , 52 , 55"
11/05/2014,"06 , 13 , 23 , 37 , 46 , 51"
10/05/2014,"17 , 23 , 38 , 42 , 43 , 49"
07/05/2014,"03 , 11 , 16 , 25 , 38 , 56"
06/05/2014,"04 , 07 , 18 , 32 , 40 , 41"
04/05/2014,"03 , 05 , 12 , 29 , 35 , 40"
03/05/2014,"01 , 08 , 16 , 35 , 41 , 43"
30/04/2014,"03 , 27 , 29 , 39 , 40 , 54"
29/04/2014,"07 , 10 , 16 , 36 , 51 , 57"
27/04/2014,"20 , 23 , 32 , 35 , 40 , 41"
26/04/2014,"14 , 17 , 27 , 31 , 37 , 43"
23/04/2014,"08 , 14 , 22 , 45 , 46 , 52"
20/04/2014,"01 , 04 , 06 , 11 , 25 , 30"
19/04/2014,"05 , 12 , 38 , 54 , 55 , 58"
16/04/2014,"15 , 26 , 32 , 40 , 47 , 54"
13/04/2014,"10 , 14 , 21 , 32 , 52 , 57"
12/04/2014,"08 , 09 , 21 , 26 , 31 , 37"
09/04/2014,"22 , 25 , 38 , 45 , 49 , 51"
08/04/2014,"06 , 14 , 42 , 45 , 50 , 58"
06/04/2014,"10 , 32 , 36 , 43 , 47 , 56"
05/04/2014,"01 , 06 , 20 , 26 , 50 , 53"
02/04/2014,"11 , 16 , 20 , 43 , 46 , 54"
30/03/2014,"04 , 32 , 44 , 49 , 52 , 55"
29/03/2014,"27 , 32 , 33 , 37 , 39 , 47"
26/03/2014,"03 , 22 , 28 , 31 , 40 , 55"
25/03/2014,"08 , 10 , 20 , 28 , 53 , 58"
23/03/2014,"06 , 15 , 26 , 34 , 37 , 43"
22/03/2014,"17 , 20 , 24 , 27 , 33 , 52"
19/03/2014,"09 , 11 , 16 , 20 , 43 , 44"
16/03/2014,"06 , 16 , 18 , 32 , 33 , 55"
15/03/2014,"10 , 24 , 31 , 50 , 56 , 57"
12/03/2014,"04 , 24 , 32 , 36 , 42 , 55"
09/03/2014,"01 , 08 , 10 , 31 , 34 , 37"
08/03/2014,"08 , 16 , 21 , 29 , 37 , 53"
05/03/2014,"10 , 14 , 15 , 16 , 40 , 43"
04/03/2014,"09 , 14 , 24 , 29 , 36 , 44"
02/03/2014,"08 , 09 , 19 , 31 , 34 , 42"
01/03/2014,"02 , 08 , 31 , 35 , 42 , 52"
26/02/2014,"11 , 17 , 22 , 30 , 35 , 38"
25/02/2014,"07 , 08 , 11 , 34 , 57 , 58"
23/02/2014,"02 , 11 , 16 , 34 , 43 , 57"
22/02/2014,"02 , 10 , 17 , 26 , 37 , 38"
19/02/2014,"09 , 15 , 23 , 42 , 46 , 55"
16/02/2014,"01 , 05 , 18 , 19 , 25 , 55"
15/02/2014,"01 , 08 , 27 , 42 , 43 , 45"
12/02/2014,"18 , 19 , 34 , 36 , 44 , 48"
11/02/2014,"10 , 15 , 22 , 34 , 51 , 53"
09/02/2014,"04 , 08 , 10 , 26 , 52 , 58"
08/02/2014,"24 , 25 , 32 , 35 , 40 , 56"
05/02/2014,"09 , 10 , 11 , 18 , 25 , 58"
04/02/2014,"11 , 15 , 30 , 41 , 54 , 55"
02/02/2014,"30 , 33 , 39 , 42 , 51 , 52"
01/02/2014,"03 , 10 , 13 , 14 , 22 , 25"
29/01/2014,"02 , 21 , 24 , 29 , 37 , 55"
28/01/2014,"14 , 18 , 21 , 28 , 35 , 47"
26/01/2014,"02 , 09 , 28 , 33 , 44 , 54"
25/01/2014,"03 , 14 , 22 , 25 , 30 , 50"
22/01/2014,"19 , 20 , 25 , 41 , 50 , 54"
19/01/2014,"04 , 06 , 10 , 13 , 48 , 56"
18/01/2014,"03 , 16 , 21 , 40 , 44 , 54"
15/01/2014,"05 , 08 , 20 , 25 , 49 , 50"
12/01/2014,"20 , 32 , 35 , 44 , 47 , 48"
11/01/2014,"01 , 11 , 37 , 41 , 43 , 48"
08/01/2014,"12 , 13 , 14 , 15 , 38 , 45"
07/01/2014,"03 , 19 , 20 , 22 , 41 , 47"
05/01/2014,"16 , 24 , 33 , 37 , 41 , 45"
04/01/2014,"03 , 05 , 21 , 24 , 27 , 41"
01/01/2014,"01 , 32 , 38 , 41 , 48 , 52"
31/12/2013,"03 , 11 , 19 , 34 , 36 , 53"
29/12/2013,"09 , 10 , 11 , 17 , 35 , 57"
28/12/2013,"05 , 12 , 21 , 37 , 40 , 56"
25/12/2013,"13 , 28 , 40 , 49 , 53 , 56"
22/12/2013,"22 , 32 , 35 , 38 , 45 , 51"
21/12/2013,"12 , 17 , 24 , 29 , 39 , 51"
18/12/2013,"12 , 16 , 27 , 42 , 45 , 54"
15/12/2013,"36 , 39 , 47 , 48 , 49 , 58"
14/12/2013,"06 , 19 , 20 , 37 , 53 , 55"
11/12/2013,"02 , 08 , 33 , 40 , 53 , 58"
08/12/2013,"09 , 14 , 24 , 25 , 31 , 56"
07/12/2013,"01 , 08 , 09 , 33 , 36 , 45"
04/12/2013,"05 , 07 , 12 , 16 , 32 , 44"
03/12/2013,"07 , 08 , 25 , 31 , 49 , 53"
01/12/2013,"05 , 08 , 15 , 30 , 48 , 54"
30/11/2013,"04 , 13 , 25 , 35 , 36 , 43"
27/11/2013,"16 , 21 , 34 , 37 , 42 , 50"
26/11/2013,"22 , 27 , 33 , 36 , 38 , 56"
24/11/2013,"10 , 15 , 16 , 36 , 42 , 55"
23/11/2013,"05 , 07 , 17 , 28 , 43 , 54"
20/11/2013,"20 , 31 , 41 , 43 , 49 , 50"
17/11/2013,"04 , 05 , 15 , 21 , 43 , 51"
16/11/2013,"08 , 18 , 19 , 28 , 30 , 31"
13/11/2013,"07 , 08 , 16 , 31 , 50 , 56"
10/11/2013,"01 , 08 , 22 , 27 , 38 , 40"
09/11/2013,"03 , 27 , 28 , 37 , 40 , 42"
06/11/2013,"06 , 14 , 19 , 23 , 55 , 56"
05/11/2013,"12 , 34 , 42 , 47 , 48 , 52"
03/11/2013,"10 , 20 , 36 , 40 , 41 , 57"
02/11/2013,"03 , 09 , 30 , 37 , 38 , 50"
30/10/2013,"10 , 27 , 28 , 45 , 49 , 52"
29/10/2013,"12 , 15 , 22 , 31 , 45 , 57"
27/10/2013,"08 , 15 , 22 , 24 , 33 , 58"
26/10/2013,"05 , 12 , 21 , 32 , 42 , 51"
23/10/2013,"09 , 19 , 30 , 38 , 47 , 57"
20/10/2013,"26 , 41 , 43 , 44 , 54 , 58"
19/10/2013,"08 , 20 , 28 , 31 , 50 , 52"
16/10/2013,"04 , 12 , 23 , 35 , 37 , 44"
13/10/2013,"06 , 23 , 26 , 28 , 48 , 57"
12/10/2013,"16 , 27 , 31 , 44 , 46 , 54"
09/10/2013,"06 , 21 , 35 , 36 , 39 , 48"
06/10/2013,"03 , 11 , 15 , 25 , 32 , 58"
05/10/2013,"09 , 18 , 30 , 35 , 50 , 54"
02/10/2013,"05 , 08 , 12 , 36 , 50 , 57"
01/10/2013,"11 , 14 , 26 , 32 , 41 , 56"
29/09/2013,"21 , 24 , 32 , 33 , 56 , 58"
28/09/2013,"04 , 09 , 13 , 15 , 45 , 58"
25/09/2013,"07 , 11 , 12 , 22 , 26 , 28"
22/09/2013,"12 , 14 , 19 , 27 , 46 , 47"
21/09/2013,"04 , 14 , 15 , 24 , 42 , 49"
18/09/2013,"16 , 27 , 36 , 43 , 55 , 56"
15/09/2013,"01 , 13 , 24 , 26 , 32 , 44"
14/09/2013,"03 , 18 , 20 , 37 , 54 , 58"
11/09/2013,"02 , 08 , 19 , 22 , 26 , 32"
08/09/2013,"03 , 17 , 21 , 29 , 47 , 55"
07/09/2013,"01 , 21 , 36 , 37 , 40 , 44"
04/09/2013,"05 , 09 , 12 , 14 , 15 , 16"
03/09/2013,"12 , 14 , 15 , 23 , 26 , 41"
01/09/2013,"07 , 23 , 32 , 34 , 49 , 51"
31/08/2013,"06 , 11 , 24 , 43 , 46 , 55"
28/08/2013,"06 , 15 , 16 , 20 , 39 , 57"
27/08/2013,"11 , 31 , 42 , 52 , 53 , 58"
25/08/2013,"07 , 26 , 38 , 42 , 45 , 52"
24/08/2013,"13 , 25 , 27 , 29 , 32 , 37"
21/08/2013,"02 , 17 , 30 , 34 , 39 , 57"
18/08/2013,"10 , 16 , 43 , 46 , 51 , 57"
17/08/2013,"13 , 23 , 41 , 48 , 49 , 57"
14/08/2013,"17 , 20 , 38 , 44 , 49 , 54"
13/08/2013,"02 , 09 , 11 , 36 , 41 , 57"
11/08/2013,"09 , 24 , 33 , 37 , 42 , 48"
10/08/2013,"01 , 03 , 05 , 29 , 44 , 48"
07/08/2013,"02 , 05 , 16 , 34 , 46 , 55"
04/08/2013,"03 , 15 , 21 , 34 , 47 , 56"
03/08/2013,"01 , 05 , 07 , 14 , 40 , 44"
31/07/2013,"04 , 07 , 14 , 31 , 39 , 51"
28/07/2013,"07 , 18 , 23 , 41 , 47 , 56"
27/07/2013,"11 , 14 , 23 , 41 , 47 , 49"
24/07/2013,"07 , 16 , 34 , 42 , 49 , 53"
21/07/2013,"08 , 15 , 19 , 32 , 34 , 37"
20/07/2013,"05 , 20 , 44 , 53 , 54 , 57"
17/07/2013,"19 , 21 , 40 , 43 , 52 , 58"
14/07/2013,"04 , 10 , 24 , 30 , 35 , 45"
13/07/2013,"09 , 20 , 21 , 25 , 31 , 50"
10/07/2013,"03 , 07 , 15 , 19 , 23 , 52"
07/07/2013,"14 , 34 , 37 , 44 , 46 , 52"
06/07/2013,"08 , 12 , 15 , 16 , 36 , 48"
03/07/2013,"02 , 25 , 26 , 33 , 35 , 36"
02/07/2013,"17 , 20 , 29 , 34 , 40 , 48"
30/06/2013,"05 , 09 , 15 , 38 , 56 , 57"
29/06/2013,"18 , 19 , 36 , 38 , 44 , 58"
26/06/2013,"05 , 10 , 14 , 18 , 24 , 55"
25/06/2013,"04 , 13 , 14 , 15 , 27 , 57"
23/06/2013,"14 , 25 , 32 , 44 , 56 , 57"
22/06/2013,"14 , 24 , 30 , 34 , 40 , 54"
19/06/2013,"01 , 05 , 06 , 17 , 20 , 23"
16/06/2013,"09 , 28 , 32 , 43 , 48 , 50"
15/06/2013,"04 , 14 , 25 , 48 , 51 , 58"
12/06/2013,"18 , 29 , 32 , 34 , 51 , 52"
09/06/2013,"01 , 10 , 25 , 29 , 36 , 50"
08/06/2013,"08 , 10 , 12 , 23 , 49 , 54"
05/06/2013,"01 , 07 , 09 , 33 , 37 , 48"
02/06/2013,"14 , 22 , 24 , 31 , 35 , 55"
01/06/2013,"12 , 15 , 20 , 29 , 37 , 52"
29/05/2013,"22 , 26 , 38 , 42 , 43 , 49"
28/05/2013,"08 , 16 , 20 , 43 , 48 , 54"
26/05/2013,"10 , 19 , 42 , 43 , 53 , 56"
25/05/2013,"17 , 29 , 34 , 53 , 55 , 57"
22/05/2013,"02 , 04 , 10 , 33 , 37 , 54"
19/05/2013,"19 , 37 , 40 , 45 , 48 , 49"
18/05/2013,"03 , 06 , 25 , 29 , 34 , 48"
15/05/2013,"13 , 30 , 42 , 44 , 49 , 52"
12/05/2013,"17 , 36 , 37 , 44 , 46 , 47"
11/05/2013,"06 , 20 , 23 , 25 , 34 , 44"
08/05/2013,"11 , 24 , 33 , 34 , 51 , 58"
07/05/2013,"05 , 23 , 24 , 29 , 39 , 43"
05/05/2013,"18 , 20 , 23 , 25 , 37 , 45"
04/05/2013,"10 , 19 , 21 , 33 , 40 , 57"
01/05/2013,"09 , 16 , 23 , 30 , 42 , 47"
30/04/2013,"05 , 27 , 41 , 45 , 50 , 54"
28/04/2013,"02 , 08 , 15 , 48 , 50 , 54"
27/04/2013,"22 , 23 , 35 , 40 , 46 , 56"
24/04/2013,"12 , 30 , 32 , 37 , 41 , 47"
21/04/2013,"01 , 21 , 25 , 38 , 41 , 52"
20/04/2013,"26 , 31 , 33 , 45 , 51 , 56"
17/04/2013,"05 , 22 , 35 , 42 , 43 , 56"
14/04/2013,"04 , 09 , 23 , 26 , 42 , 47"
13/04/2013,"02 , 27 , 31 , 38 , 54 , 55"
10/04/2013,"14 , 20 , 27 , 31 , 36 , 48"
07/04/2013,"11 , 18 , 21 , 25 , 47 , 58"
06/04/2013,"11 , 16 , 27 , 38 , 50 , 54"
03/04/2013,"11 , 14 , 18 , 19 , 44 , 51"
02/04/2013,"03 , 05 , 15 , 35 , 36 , 44"
31/03/2013,"20 , 32 , 39 , 41 , 52 , 53"
30/03/2013,"32 , 34 , 40 , 47 , 48 , 49"
27/03/2013,"02 , 03 , 09 , 30 , 31 , 32"
26/03/2013,"23 , 24 , 30 , 50 , 55 , 56"
24/03/2013,"02 , 16 , 21 , 31 , 41 , 46"
23/03/2013,"02 , 12 , 37 , 54 , 56 , 57"
20/03/2013,"17 , 18 , 27 , 42 , 45 , 48"
17/03/2013,"13 , 23 , 28 , 36 , 37 , 46"
16/03/2013,"04 , 19 , 24 , 42 , 49 , 53"
13/03/2013,"09 , 15 , 30 , 31 , 38 , 52"
10/03/2013,"06 , 07 , 22 , 30 , 34 , 43"
09/03/2013,"01 , 36 , 43 , 46 , 48 , 52"
06/03/2013,"12 , 14 , 31 , 34 , 37 , 43"
05/03/2013,"01 , 02 , 41 , 48 , 57 , 58"
03/03/2013,"23 , 27 , 33 , 45 , 49 , 55"
02/03/2013,"02 , 37 , 42 , 45 , 47 , 57"
27/02/2013,"01 , 03 , 05 , 21 , 30 , 38"
24/02/2013,"07 , 17 , 33 , 34 , 35 , 45"
23/02/2013,"20 , 24 , 27 , 28 , 37 , 54"
20/02/2013,"21 , 30 , 31 , 41 , 44 , 52"
19/02/2013,"06 , 17 , 29 , 39 , 41 , 46"
17/02/2013,"13 , 25 , 26 , 27 , 29 , 50"
16/02/2013,"27 , 30 , 37 , 43 , 48 , 49"
13/02/2013,"05 , 06 , 08 , 21 , 38 , 40"
12/02/2013,"17 , 19 , 25 , 31 , 37 , 40"
10/02/2013,"01 , 05 , 17 , 21 , 24 , 30"
09/02/2013,"12 , 29 , 32 , 46 , 51 , 52"
06/02/2013,"03 , 09 , 28 , 30 , 38 , 49"
05/02/2013,"12 , 22 , 34 , 46 , 53 , 55"
03/02/2013,"07 , 19 , 27 , 41 , 43 , 56"
02/02/2013,"01 , 15 , 39 , 42 , 43 , 45"
30/01/2013,"04 , 07 , 12 , 17 , 41 , 46"
27/01/2013,"01 , 03 , 20 , 21 , 25 , 33"
26/01/2013,"01 , 06 , 23 , 32 , 35 , 57"
23/01/2013,"07 , 18 , 28 , 29 , 31 , 42"
22/01/2013,"06 , 14 , 23 , 29 , 47 , 53"
20/01/2013,"03 , 09 , 20 , 38 , 40 , 58"
19/01/2013,"01 , 21 , 29 , 35 , 42 , 55"
16/01/2013,"03 , 20 , 22 , 26 , 27 , 33"
13/01/2013,"05 , 08 , 20 , 41 , 53 , 58"
12/01/2013,"01 , 09 , 27 , 40 , 48 , 58"
09/01/2013,"06 , 15 , 26 , 44 , 47 , 52"
08/01/2013,"04 , 10 , 13 , 15 , 37 , 51"
06/01/2013,"03 , 19 , 27 , 32 , 52 , 53"
05/01/2013,"13 , 24 , 29 , 32 , 38 , 46"
02/01/2013,"11 , 12 , 20 , 22 , 28 , 46"
30/12/2012,"11 , 20 , 30 , 31 , 33 , 48"
29/12/2012,"05 , 06 , 16 , 21 , 51 , 57"
26/12/2012,"07 , 33 , 36 , 40 , 46 , 50"
23/12/2012,"20 , 38 , 44 , 46 , 50 , 55"
22/12/2012,"13 , 14 , 21 , 27 , 34 , 44"
19/12/2012,"09 , 10 , 17 , 37 , 42 , 56"
18/12/2012,"06 , 10 , 12 , 48 , 49 , 57"
16/12/2012,"07 , 11 , 39 , 47 , 49 , 58"
15/12/2012,"05 , 06 , 15 , 35 , 39 , 40"
12/12/2012,"01 , 09 , 27 , 45 , 50 , 53"
09/12/2012,"03 , 05 , 06 , 18 , 22 , 39"
08/12/2012,"01 , 08 , 24 , 44 , 46 , 48"
05/12/2012,"01 , 07 , 10 , 36 , 44 , 46"
04/12/2012,"04 , 08 , 28 , 33 , 46 , 47"
02/12/2012,"04 , 15 , 23 , 32 , 47 , 58"
01/12/2012,"13 , 23 , 34 , 46 , 53 , 55"
28/11/2012,"08 , 14 , 41 , 45 , 48 , 51"
27/11/2012,"04 , 15 , 22 , 24 , 43 , 49"
25/11/2012,"21 , 30 , 52 , 53 , 56 , 57"
24/11/2012,"18 , 25 , 27 , 29 , 36 , 54"
21/11/2012,"03 , 25 , 39 , 40 , 55 , 56"
18/11/2012,"02 , 03 , 14 , 19 , 32 , 36"
17/11/2012,"01 , 09 , 14 , 26 , 41 , 52"
14/11/2012,"07 , 13 , 37 , 45 , 52 , 57"
13/11/2012,"06 , 20 , 28 , 29 , 31 , 42"
11/11/2012,"01 , 09 , 17 , 39 , 51 , 58"
10/11/2012,"08 , 10 , 16 , 20 , 49 , 57"
07/11/2012,"06 , 23 , 26 , 40 , 41 , 57"
04/11/2012,"29 , 42 , 43 , 45 , 49 , 51"
03/11/2012,"02 , 11 , 17 , 20 , 29 , 58"
31/10/2012,"03 , 04 , 23 , 46 , 49 , 53"
30/10/2012,"01 , 04 , 08 , 20 , 29 , 42"
28/10/2012,"04 , 26 , 33 , 36 , 40 , 42"
27/10/2012,"03 , 26 , 27 , 28 , 32 , 57"
24/10/2012,"16 , 19 , 20 , 21 , 39 , 58"
21/10/2012,"11 , 19 , 32 , 52 , 53 , 56"
20/10/2012,"06 , 20 , 48 , 50 , 51 , 56"
17/10/2012,"05 , 06 , 08 , 40 , 41 , 47"
14/10/2012,"02 , 16 , 34 , 39 , 49 , 56"
13/10/2012,"10 , 15 , 16 , 21 , 31 , 45"
10/10/2012,"07 , 16 , 26 , 37 , 38 , 49"
07/10/2012,"06 , 11 , 13 , 21 , 46 , 51"
06/10/2012,"01 , 05 , 11 , 13 , 16 , 53"
03/10/2012,"10 , 22 , 30 , 31 , 32 , 52"
02/10/2012,"03 , 09 , 11 , 12 , 47 , 57"
30/09/2012,"02 , 14 , 22 , 23 , 25 , 43"
29/09/2012,"02 , 13 , 19 , 30 , 50 , 51"
26/09/2012,"09 , 13 , 16 , 18 , 33 , 54"
23/09/2012,"22 , 32 , 38 , 39 , 45 , 57"
22/09/2012,"12 , 16 , 35 , 40 , 41 , 58"
19/09/2012,"04 , 10 , 20 , 21 , 52 , 55"
18/09/2012,"05 , 29 , 40 , 44 , 51 , 58"
16/09/2012,"02 , 08 , 21 , 32 , 34 , 53"
15/09/2012,"08 , 22 , 25 , 36 , 57 , 58"
12/09/2012,"07 , 09 , 11 , 13 , 46 , 57"
09/09/2012,"07 , 13 , 20 , 34 , 35 , 43"
08/09/2012,"12 , 22 , 42 , 44 , 48 , 51"
05/09/2012,"01 , 20 , 26 , 33 , 49 , 55"
04/09/2012,"03 , 14 , 20 , 28 , 30 , 43"
02/09/2012,"01 , 09 , 32 , 35 , 37 , 45"
01/09/2012,"07 , 12 , 14 , 20 , 21 , 29"
29/08/2012,"02 , 08 , 34 , 36 , 41 , 47"
28/08/2012,"19 , 20 , 30 , 31 , 35 , 38"
26/08/2012,"19 , 20 , 27 , 34 , 37 , 58"
25/08/2012,"02 , 15 , 17 , 31 , 37 , 41"
22/08/2012,"18 , 22 , 24 , 37 , 38 , 48"
19/08/2012,"05 , 13 , 17 , 19 , 32 , 52"
18/08/2012,"01 , 08 , 11 , 12 , 40 , 49"
15/08/2012,"09 , 26 , 32 , 33 , 35 , 36"
12/08/2012,"14 , 31 , 33 , 42 , 47 , 58"
11/08/2012,"04 , 09 , 11 , 13 , 44 , 46"
08/08/2012,"20 , 22 , 34 , 35 , 39 , 48"
05/08/2012,"01 , 10 , 14 , 27 , 41 , 47"
04/08/2012,"11 , 17 , 22 , 32 , 50 , 51"
01/08/2012,"04 , 05 , 28 , 38 , 43 , 56"
29/07/2012,"25 , 31 , 32 , 41 , 51 , 53"
28/07/2012,"02 , 27 , 46 , 49 , 50 , 57"
25/07/2012,"25 , 32 , 33 , 40 , 51 , 57"
22/07/2012,"15 , 28 , 46 , 49 , 53 , 57"
21/07/2012,"12 , 20 , 25 , 26 , 27 , 56"
18/07/2012,"03 , 04 , 14 , 21 , 31 , 54"
17/07/2012,"06 , 12 , 20 , 33 , 40 , 56"
15/07/2012,"02 , 06 , 14 , 32 , 34 , 50"
14/07/2012,"03 , 05 , 14 , 27 , 31 , 40"
11/07/2012,"09 , 11 , 18 , 20 , 21 , 50"
08/07/2012,"18 , 20 , 30 , 45 , 57 , 58"
07/07/2012,"11 , 12 , 24 , 25 , 36 , 53"
04/07/2012,"01 , 02 , 20 , 34 , 50 , 54"
03/07/2012,"17 , 23 , 37 , 39 , 44 , 46"
01/07/2012,"07 , 14 , 43 , 45 , 46 , 53"
30/06/2012,"02 , 07 , 12 , 25 , 29 , 33"
27/06/2012,"06 , 12 , 39 , 42 , 53 , 58"
26/06/2012,"13 , 16 , 19 , 30 , 32 , 56"
24/06/2012,"15 , 25 , 28 , 29 , 35 , 37"
23/06/2012,"02 , 19 , 21 , 30 , 41 , 42"
20/06/2012,"08 , 30 , 35 , 38 , 46 , 50"
17/06/2012,"07 , 12 , 18 , 30 , 41 , 44"
16/06/2012,"05 , 26 , 30 , 40 , 51 , 57"
13/06/2012,"03 , 23 , 25 , 48 , 51 , 57"
10/06/2012,"05 , 27 , 29 , 41 , 43 , 51"
09/06/2012,"30 , 41 , 45 , 46 , 47 , 58"
06/06/2012,"13 , 20 , 22 , 23 , 52 , 58"
03/06/2012,"10 , 19 , 21 , 34 , 42 , 45"
02/06/2012,"20 , 24 , 25 , 32 , 50 , 52"
30/05/2012,"07 , 09 , 33 , 36 , 40 , 56"
29/05/2012,"04 , 05 , 24 , 25 , 31 , 34"
27/05/2012,"04 , 20 , 45 , 49 , 50 , 58"
26/05/2012,"15 , 17 , 18 , 31 , 49 , 55"
23/05/2012,"08 , 11 , 20 , 49 , 57 , 58"
20/05/2012,"09 , 14 , 17 , 19 , 26 , 52"
19/05/2012,"14 , 21 , 30 , 31 , 48 , 51"
16/05/2012,"02 , 10 , 25 , 28 , 31 , 36"
13/05/2012,"04 , 07 , 10 , 38 , 50 , 57"
12/05/2012,"10 , 13 , 16 , 26 , 36 , 56"
09/05/2012,"17 , 32 , 41 , 42 , 44 , 58"
08/05/2012,"16 , 22 , 23 , 26 , 31 , 58"
06/05/2012,"05 , 07 , 16 , 23 , 26 , 39"
05/05/2012,"28 , 38 , 40 , 46 , 52 , 53"
02/05/2012,"04 , 26 , 36 , 41 , 45 , 52"
29/04/2012,"15 , 26 , 39 , 40 , 52 , 54"
28/04/2012,"08 , 11 , 15 , 20 , 33 , 34"
25/04/2012,"12 , 19 , 23 , 39 , 40 , 53"
22/04/2012,"03 , 08 , 19 , 20 , 33 , 40"
21/04/2012,"10 , 37 , 44 , 45 , 51 , 54"
18/04/2012,"06 , 09 , 17 , 18 , 26 , 47"
17/04/2012,"02 , 09 , 10 , 28 , 35 , 36"
15/04/2012,"16 , 18 , 46 , 51 , 54 , 57"
14/04/2012,"09 , 19 , 27 , 38 , 45 , 46"
11/04/2012,"03 , 09 , 22 , 25 , 34 , 35"
08/04/2012,"11 , 14 , 30 , 35 , 46 , 55"
07/04/2012,"07 , 17 , 25 , 38 , 48 , 50"
04/04/2012,"02 , 03 , 20 , 28 , 42 , 48"
03/04/2012,"10 , 12 , 24 , 27 , 36 , 38"
01/04/2012,"03 , 20 , 48 , 52 , 56 , 57"
31/03/2012,"14 , 18 , 30 , 33 , 47 , 52"
28/03/2012,"14 , 18 , 20 , 44 , 47 , 48"
25/03/2012,"09 , 18 , 22 , 28 , 38 , 39"
24/03/2012,"14 , 24 , 40 , 42 , 43 , 57"
21/03/2012,"05 , 19 , 31 , 50 , 54 , 57"
20/03/2012,"10 , 19 , 25 , 40 , 42 , 54"
18/03/2012,"04 , 16 , 21 , 26 , 31 , 50"
17/03/2012,"13 , 20 , 31 , 36 , 50 , 54"
14/03/2012,"09 , 15 , 22 , 31 , 40 , 49"
11/03/2012,"11 , 15 , 24 , 42 , 53 , 58"
10/03/2012,"01 , 26 , 35 , 37 , 47 , 58"
07/03/2012,"01 , 24 , 31 , 38 , 43 , 45"
04/03/2012,"03 , 09 , 20 , 29 , 41 , 58"
03/03/2012,"01 , 04 , 26 , 41 , 44 , 50"
29/02/2012,"11 , 21 , 22 , 51 , 53 , 54"
28/02/2012,"03 , 20 , 50 , 53 , 55 , 57"
26/02/2012,"18 , 19 , 37 , 42 , 51 , 53"
25/02/2012,"10 , 17 , 19 , 24 , 53 , 56"
22/02/2012,"08 , 17 , 23 , 25 , 28 , 42"
19/02/2012,"10 , 11 , 16 , 36 , 39 , 56"
18/02/2012,"01 , 11 , 19 , 20 , 43 , 58"
15/02/2012,"21 , 29 , 30 , 35 , 46 , 58"
14/02/2012,"10 , 17 , 38 , 39 , 50 , 58"
12/02/2012,"09 , 15 , 28 , 34 , 36 , 56"
11/02/2012,"07 , 21 , 24 , 25 , 52 , 57"
08/02/2012,"06 , 11 , 43 , 49 , 55 , 58"
05/02/2012,"08 , 17 , 24 , 49 , 54 , 57"
04/02/2012,"03 , 10 , 15 , 16 , 28 , 53"
01/02/2012,"07 , 38 , 39 , 48 , 57 , 58"
31/01/2012,"11 , 13 , 14 , 37 , 42 , 51"
29/01/2012,"03 , 12 , 30 , 32 , 36 , 47"
28/01/2012,"09 , 19 , 30 , 31 , 35 , 38"
25/01/2012,"04 , 12 , 36 , 38 , 46 , 50"
24/01/2012,"11 , 13 , 24 , 39 , 44 , 54"
22/01/2012,"07 , 25 , 26 , 35 , 43 , 50"
21/01/2012,"09 , 26 , 32 , 34 , 51 , 57"
18/01/2012,"02 , 12 , 24 , 25 , 32 , 33"
17/01/2012,"01 , 07 , 19 , 37 , 46 , 55"
15/01/2012,"02 , 07 , 10 , 17 , 23 , 29"
14/01/2012,"03 , 13 , 30 , 31 , 34 , 52"
11/01/2012,"05 , 09 , 13 , 17 , 35 , 41"
08/01/2012,"13 , 15 , 16 , 18 , 43 , 45"
07/01/2012,"04 , 29 , 39 , 41 , 43 , 52"
04/01/2012,"18 , 21 , 42 , 44 , 48 , 56"
01/01/2012,"07 , 15 , 16 , 19 , 24 , 51"
31/12/2011,"05 , 17 , 20 , 46 , 55 , 58"
28/12/2011,"06 , 08 , 22 , 25 , 30 , 57"
27/12/2011,"03 , 12 , 25 , 27 , 42 , 52"
25/12/2011,"04 , 05 , 21 , 47 , 51 , 52"
24/12/2011,"17 , 36 , 43 , 44 , 45 , 51"
21/12/2011,"05 , 13 , 38 , 47 , 50 , 51"
18/12/2011,"09 , 19 , 29 , 41 , 54 , 58"
17/12/2011,"05 , 13 , 26 , 34 , 49 , 51"
14/12/2011,"07 , 16 , 21 , 40 , 41 , 43"
11/12/2011,"06 , 16 , 20 , 21 , 39 , 52"
10/12/2011,"06 , 08 , 09 , 11 , 23 , 56"
07/12/2011,"03 , 28 , 43 , 46 , 56 , 57"
06/12/2011,"15 , 32 , 36 , 45 , 55 , 58"
04/12/2011,"04 , 24 , 27 , 31 , 49 , 57"
03/12/2011,"03 , 07 , 15 , 20 , 45 , 53"
30/11/2011,"05 , 23 , 26 , 29 , 31 , 58"
29/11/2011,"06 , 17 , 31 , 42 , 43 , 48"
27/11/2011,"02 , 20 , 25 , 26 , 29 , 53"
26/11/2011,"02 , 07 , 10 , 14 , 24 , 35"
23/11/2011,"11 , 15 , 22 , 37 , 38 , 42"
20/11/2011,"01 , 09 , 11 , 20 , 24 , 54"
19/11/2011,"17 , 36 , 39 , 40 , 41 , 44"
16/11/2011,"02 , 03 , 12 , 16 , 34 , 35"
13/11/2011,"02 , 07 , 13 , 20 , 39 , 48"
12/11/2011,"20 , 27 , 35 , 36 , 43 , 57"
09/11/2011,"11 , 18 , 19 , 24 , 56 , 58"
06/11/2011,"12 , 15 , 21 , 28 , 42 , 58"
05/11/2011,"13 , 26 , 34 , 38 , 39 , 44"
02/11/2011,"05 , 25 , 28 , 36 , 39 , 42"
01/11/2011,"12 , 17 , 28 , 42 , 50 , 57"
30/10/2011,"01 , 03 , 17 , 31 , 35 , 39"
29/10/2011,"09 , 13 , 19 , 26 , 35 , 40"
26/10/2011,"12 , 21 , 23 , 27 , 29 , 44"
25/10/2011,"21 , 26 , 36 , 41 , 44 , 45"
23/10/2011,"11 , 14 , 16 , 23 , 49 , 58"
22/10/2011,"16 , 17 , 19 , 21 , 38 , 57"
19/10/2011,"05 , 09 , 11 , 34 , 43 , 44"
16/10/2011,"05 , 08 , 24 , 33 , 44 , 47"
15/10/2011,"05 , 10 , 12 , 22 , 25 , 37"
12/10/2011,"07 , 33 , 35 , 36 , 43 , 49"
09/10/2011,"15 , 30 , 33 , 36 , 38 , 41"
08/10/2011,"01 , 02 , 06 , 08 , 28 , 58"
05/10/2011,"04 , 12 , 13 , 27 , 33 , 58"
04/10/2011,"27 , 35 , 36 , 37 , 38 , 49"
02/10/2011,"03 , 21 , 30 , 31 , 39 , 55"
01/10/2011,"02 , 13 , 17 , 27 , 33 , 53"
28/09/2011,"11 , 29 , 39 , 44 , 56 , 57"
27/09/2011,"27 , 33 , 34 , 45 , 47 , 56"
25/09/2011,"06 , 07 , 13 , 42 , 46 , 54"
24/09/2011,"08 , 29 , 37 , 40 , 42 , 53"
21/09/2011,"09 , 18 , 21 , 39 , 50 , 58"
18/09/2011,"07 , 17 , 28 , 30 , 36 , 44"
17/09/2011,"10 , 14 , 23 , 30 , 36 , 48"
14/09/2011,"34 , 40 , 50 , 53 , 55 , 58"
11/09/2011,"21 , 34 , 38 , 42 , 45 , 46"
10/09/2011,"07 , 08 , 12 , 14 , 40 , 43"
07/09/2011,"28 , 37 , 43 , 48 , 51 , 56"
06/09/2011,"14 , 23 , 34 , 43 , 53 , 55"
04/09/2011,"07 , 16 , 40 , 41 , 50 , 53"
03/09/2011,"23 , 29 , 31 , 35 , 37 , 46"
31/08/2011,"09 , 14 , 18 , 37 , 49 , 52"
28/08/2011,"08 , 15 , 22 , 28 , 36 , 55"
27/08/2011,"02 , 03 , 14 , 21 , 25 , 45"
24/08/2011,"08 , 27 , 28 , 29 , 40 , 48"
21/08/2011,"04 , 10 , 20 , 30 , 43 , 46"
20/08/2011,"02 , 23 , 31 , 32 , 44 , 55"
17/08/2011,"18 , 23 , 30 , 32 , 45 , 53"
14/08/2011,"03 , 04 , 11 , 17 , 27 , 44"
13/08/2011,"02 , 03 , 04 , 06 , 13 , 35"
10/08/2011,"03 , 16 , 24 , 29 , 53 , 55"
07/08/2011,"03 , 25 , 31 , 32 , 41 , 42"
06/08/2011,"07 , 22 , 34 , 45 , 49 , 57"
03/08/2011,"18 , 20 , 49 , 52 , 53 , 57"
31/07/2011,"12 , 18 , 27 , 34 , 41 , 49"
30/07/2011,"10 , 15 , 34 , 37 , 40 , 46"
27/07/2011,"17 , 26 , 36 , 37 , 43 , 53"
24/07/2011,"11 , 17 , 23 , 41 , 42 , 46"
23/07/2011,"15 , 20 , 21 , 38 , 42 , 55"
20/07/2011,"01 , 29 , 30 , 32 , 46 , 57"
17/07/2011,"05 , 07 , 16 , 24 , 25 , 41"
16/07/2011,"12 , 14 , 33 , 40 , 42 , 51"
13/07/2011,"02 , 14 , 23 , 26 , 32 , 33"
10/07/2011,"01 , 25 , 26 , 43 , 50 , 54"
09/07/2011,"05 , 17 , 21 , 37 , 48 , 52"
06/07/2011,"03 , 11 , 34 , 35 , 43 , 48"
05/07/2011,"03 , 04 , 31 , 32 , 40 , 49"
03/07/2011,"01 , 15 , 18 , 19 , 23 , 44"
02/07/2011,"16 , 22 , 23 , 28 , 30 , 42"
29/06/2011,"03 , 14 , 16 , 19 , 24 , 40"
28/06/2011,"05 , 08 , 21 , 39 , 43 , 58"
26/06/2011,"08 , 11 , 14 , 27 , 39 , 50"
25/06/2011,"02 , 10 , 35 , 36 , 45 , 52"
22/06/2011,"18 , 23 , 24 , 38 , 44 , 50"
19/06/2011,"06 , 18 , 21 , 26 , 27 , 29"
18/06/2011,"01 , 02 , 34 , 45 , 46 , 58"
15/06/2011,"05 , 07 , 11 , 20 , 37 , 44"
12/06/2011,"02 , 05 , 24 , 49 , 53 , 55"
11/06/2011,"01 , 24 , 34 , 37 , 38 , 58"
08/06/2011,"01 , 06 , 08 , 42 , 51 , 53"
05/06/2011,"03 , 08 , 27 , 30 , 43 , 58"
04/06/2011,"01 , 05 , 23 , 25 , 30 , 55"
01/06/2011,"01 , 18 , 28 , 41 , 48 , 52"
31/05/2011,"01 , 03 , 20 , 36 , 45 , 48"
29/05/2011,"07 , 09 , 27 , 28 , 47 , 54"
28/05/2011,"16 , 26 , 39 , 44 , 46 , 51"
25/05/2011,"17 , 23 , 31 , 35 , 48 , 53"
22/05/2011,"06 , 09 , 19 , 27 , 47 , 55"
21/05/2011,"04 , 11 , 26 , 30 , 42 , 45"
18/05/2011,"18 , 28 , 30 , 46 , 48 , 49"
15/05/2011,"01 , 04 , 15 , 23 , 36 , 41"
14/05/2011,"11 , 17 , 24 , 45 , 46 , 52"
11/05/2011,"05 , 23 , 27 , 39 , 49 , 50"
08/05/2011,"02 , 05 , 44 , 49 , 53 , 55"
07/05/2011,"01 , 03 , 17 , 18 , 23 , 37"
04/05/2011,"06 , 11 , 24 , 29 , 46 , 47"
03/05/2011,"20 , 31 , 37 , 42 , 45 , 47"
01/05/2011,"03 , 29 , 31 , 44 , 48 , 57"
30/04/2011,"06 , 14 , 26 , 33 , 51 , 55"
27/04/2011,"10 , 15 , 23 , 40 , 42 , 51"
26/04/2011,"01 , 02 , 07 , 08 , 30 , 34"
24/04/2011,"10 , 14 , 27 , 40 , 44 , 55"
23/04/2011,"01 , 09 , 20 , 21 , 29 , 32"
20/04/2011,"06 , 22 , 25 , 26 , 35 , 37"
17/04/2011,"05 , 12 , 16 , 25 , 56 , 57"
16/04/2011,"08 , 19 , 23 , 28 , 31 , 56"
13/04/2011,"05 , 08 , 13 , 23 , 41 , 50"
10/04/2011,"06 , 21 , 26 , 43 , 50 , 52"
09/04/2011,"09 , 25 , 28 , 33 , 37 , 43"
06/04/2011,"06 , 12 , 34 , 44 , 47 , 53"
05/04/2011,"03 , 06 , 10 , 32 , 40 , 41"
03/04/2011,"05 , 10 , 12 , 18 , 19 , 28"
02/04/2011,"04 , 08 , 14 , 35 , 53 , 58"
30/03/2011,"07 , 26 , 44 , 46 , 48 , 49"
29/03/2011,"04 , 05 , 09 , 20 , 39 , 53"
27/03/2011,"09 , 17 , 26 , 29 , 37 , 58"
26/03/2011,"26 , 30 , 35 , 38 , 41 , 44"
23/03/2011,"11 , 21 , 30 , 31 , 45 , 56"
20/03/2011,"02 , 10 , 15 , 20 , 27 , 39"
19/03/2011,"14 , 17 , 33 , 40 , 43 , 54"
16/03/2011,"04 , 05 , 17 , 19 , 43 , 44"
13/03/2011,"10 , 11 , 17 , 19 , 23 , 39"
12/03/2011,"05 , 11 , 34 , 36 , 49 , 57"
09/03/2011,"10 , 18 , 22 , 26 , 30 , 57"
06/03/2011,"01 , 13 , 14 , 20 , 23 , 53"
05/03/2011,"25 , 39 , 40 , 46 , 47 , 55"
02/03/2011,"02 , 03 , 08 , 12 , 39 , 44"
01/03/2011,"20 , 23 , 27 , 40 , 45 , 51"
27/02/2011,"07 , 13 , 25 , 37 , 44 , 51"
26/02/2011,"11 , 15 , 18 , 25 , 47 , 51"
23/02/2011,"05 , 06 , 20 , 23 , 26 , 34"
22/02/2011,"01 , 11 , 15 , 29 , 45 , 47"
20/02/2011,"02 , 03 , 15 , 42 , 48 , 57"
19/02/2011,"18 , 37 , 38 , 42 , 53 , 54"
16/02/2011,"01 , 10 , 11 , 36 , 41 , 51"
13/02/2011,"05 , 07 , 10 , 26 , 29 , 51"
12/02/2011,"12 , 24 , 39 , 47 , 48 , 50"
09/02/2011,"14 , 26 , 33 , 44 , 47 , 58"
08/02/2011,"08 , 14 , 42 , 44 , 49 , 55"
06/02/2011,"19 , 20 , 24 , 38 , 46 , 57"
05/02/2011,"01 , 12 , 16 , 26 , 35 , 42"
02/02/2011,"02 , 21 , 33 , 38 , 47 , 50"
01/02/2011,"12 , 20 , 42 , 50 , 51 , 56"
30/01/2011,"07 , 09 , 24 , 25 , 33 , 53"
29/01/2011,"01 , 22 , 42 , 48 , 51 , 52"
26/01/2011,"03 , 12 , 21 , 22 , 28 , 56"
25/01/2011,"16 , 26 , 33 , 35 , 40 , 43"
23/01/2011,"06 , 22 , 27 , 30 , 51 , 52"
22/01/2011,"09 , 13 , 18 , 28 , 33 , 47"
19/01/2011,"09 , 34 , 42 , 48 , 52 , 53"
16/01/2011,"04 , 07 , 18 , 31 , 54 , 55"
15/01/2011,"16 , 22 , 33 , 35 , 39 , 43"
12/01/2011,"04 , 05 , 13 , 20 , 23 , 35"
09/01/2011,"01 , 05 , 11 , 13 , 16 , 27"
08/01/2011,"10 , 14 , 15 , 16 , 25 , 46"
05/01/2011,"16 , 20 , 21 , 27 , 28 , 54"
02/01/2011,"11 , 27 , 33 , 37 , 44 , 51"
01/01/2011,"08 , 13 , 25 , 26 , 30 , 35"
29/12/2010,"18 , 32 , 45 , 50 , 51 , 53"
28/12/2010,"05 , 22 , 46 , 55 , 57 , 58"
26/12/2010,"11 , 17 , 26 , 40 , 48 , 52"
25/12/2010,"01 , 06 , 20 , 32 , 40 , 54"
22/12/2010,"10 , 14 , 20 , 31 , 37 , 38"
19/12/2010,"16 , 21 , 24 , 29 , 35 , 54"
18/12/2010,"09 , 24 , 32 , 34 , 38 , 39"
15/12/2010,"01 , 13 , 19 , 20 , 28 , 55"
12/12/2010,"04 , 11 , 17 , 21 , 23 , 41"
11/12/2010,"05 , 09 , 10 , 18 , 28 , 50"
08/12/2010,"03 , 09 , 29 , 35 , 54 , 55"
05/12/2010,"14 , 23 , 30 , 35 , 44 , 53"
04/12/2010,"04 , 09 , 22 , 25 , 28 , 36"
01/12/2010,"23 , 27 , 33 , 41 , 55 , 57"
30/11/2010,"04 , 11 , 44 , 49 , 54 , 56"
28/11/2010,"13 , 20 , 22 , 32 , 41 , 49"
27/11/2010,"23 , 27 , 30 , 49 , 51 , 53"
24/11/2010,"05 , 13 , 21 , 26 , 38 , 54"
21/11/2010,"10 , 11 , 26 , 31 , 43 , 52"
20/11/2010,"09 , 19 , 29 , 41 , 43 , 55"
17/11/2010,"05 , 22 , 25 , 43 , 46 , 58"
14/11/2010,"19 , 27 , 36 , 38 , 43 , 54"
13/11/2010,"05 , 08 , 17 , 21 , 31 , 42"
10/11/2010,"14 , 22 , 26 , 29 , 41 , 46"
07/11/2010,"20 , 25 , 34 , 47 , 49 , 56"
06/11/2010,"13 , 19 , 30 , 35 , 39 , 52"
03/11/2010,"09 , 17 , 22 , 29 , 36 , 45"
02/11/2010,"01 , 05 , 25 , 29 , 33 , 53"
31/10/2010,"03 , 04 , 11 , 29 , 40 , 53"
30/10/2010,"07 , 19 , 26 , 30 , 38 , 39"
27/10/2010,"02 , 11 , 15 , 36 , 44 , 51"
26/10/2010,"11 , 13 , 24 , 33 , 35 , 49"
24/10/2010,"07 , 11 , 18 , 19 , 22 , 26"
23/10/2010,"07 , 33 , 38 , 44 , 52 , 56"
20/10/2010,"08 , 14 , 27 , 35 , 42 , 55"
17/10/2010,"13 , 28 , 39 , 40 , 42 , 57"
16/10/2010,"03 , 06 , 07 , 09 , 37 , 46"
13/10/2010,"17 , 18 , 26 , 30 , 42 , 50"
10/10/2010,"02 , 03 , 10 , 24 , 30 , 39"
09/10/2010,"04 , 18 , 19 , 27 , 46 , 49"
06/10/2010,"06 , 20 , 23 , 32 , 38 , 50"
05/10/2010,"06 , 14 , 32 , 42 , 48 , 56"
03/10/2010,"02 , 04 , 24 , 26 , 32 , 53"
02/10/2010,"04 , 08 , 11 , 13 , 17 , 48"
29/09/2010,"11 , 22 , 27 , 30 , 35 , 53"
28/09/2010,"08 , 11 , 19 , 22 , 54 , 55"
26/09/2010,"21 , 23 , 26 , 43 , 44 , 54"
25/09/2010,"01 , 03 , 13 , 18 , 20 , 36"
22/09/2010,"03 , 11 , 13 , 21 , 53 , 54"
19/09/2010,"03 , 07 , 28 , 35 , 48 , 50"
18/09/2010,"11 , 17 , 19 , 24 , 40 , 44"
15/09/2010,"16 , 24 , 26 , 34 , 36 , 46"
12/09/2010,"12 , 17 , 21 , 31 , 33 , 35"
11/09/2010,"10 , 16 , 29 , 40 , 44 , 57"
08/09/2010,"15 , 38 , 41 , 48 , 49 , 52"
05/09/2010,"03 , 06 , 08 , 22 , 26 , 32"
04/09/2010,"01 , 03 , 06 , 27 , 44 , 49"
01/09/2010,"07 , 20 , 29 , 35 , 36 , 56"
29/08/2010,"12 , 30 , 35 , 41 , 43 , 55"
28/08/2010,"05 , 15 , 28 , 33 , 38 , 56"
25/08/2010,"12 , 14 , 16 , 35 , 45 , 46"
22/08/2010,"10 , 25 , 34 , 35 , 47 , 52"
21/08/2010,"09 , 12 , 15 , 40 , 46 , 48"
18/08/2010,"21 , 23 , 42 , 49 , 55 , 58"
15/08/2010,"20 , 21 , 23 , 30 , 31 , 44"
14/08/2010,"21 , 23 , 25 , 34 , 43 , 47"
11/08/2010,"05 , 08 , 09 , 20 , 52 , 54"
08/08/2010,"09 , 11 , 31 , 44 , 48 , 57"
07/08/2010,"07 , 12 , 14 , 23 , 31 , 35"
04/08/2010,"10 , 19 , 27 , 31 , 34 , 51"
03/08/2010,"01 , 21 , 46 , 49 , 51 , 53"
01/08/2010,"01 , 07 , 08 , 40 , 46 , 57"
31/07/2010,"01 , 02 , 27 , 40 , 54 , 55"
28/07/2010,"08 , 21 , 22 , 35 , 41 , 58"
27/07/2010,"15 , 23 , 24 , 26 , 37 , 47"
25/07/2010,"24 , 33 , 36 , 39 , 42 , 50"
24/07/2010,"05 , 19 , 23 , 28 , 47 , 58"
21/07/2010,"05 , 09 , 16 , 38 , 42 , 49"
18/07/2010,"08 , 16 , 44 , 45 , 46 , 52"
17/07/2010,"03 , 04 , 34 , 37 , 38 , 57"
14/07/2010,"07 , 18 , 35 , 41 , 43 , 50"
11/07/2010,"04 , 21 , 31 , 44 , 51 , 58"
10/07/2010,"07 , 11 , 27 , 28 , 37 , 40"
07/07/2010,"02 , 08 , 33 , 36 , 41 , 44"
06/07/2010,"02 , 04 , 08 , 18 , 45 , 48"
04/07/2010,"06 , 14 , 31 , 35 , 43 , 44"
03/07/2010,"05 , 15 , 19 , 20 , 45 , 49"
30/06/2010,"19 , 20 , 31 , 33 , 47 , 58"
29/06/2010,"13 , 19 , 30 , 35 , 38 , 58"
27/06/2010,"06 , 18 , 19 , 41 , 45 , 47"
26/06/2010,"06 , 10 , 20 , 29 , 41 , 54"
23/06/2010,"05 , 06 , 22 , 50 , 52 , 55"
20/06/2010,"08 , 22 , 32 , 43 , 45 , 51"
19/06/2010,"06 , 12 , 15 , 18 , 25 , 58"
16/06/2010,"14 , 25 , 39 , 42 , 47 , 50"
13/06/2010,"06 , 07 , 47 , 50 , 52 , 53"
12/06/2010,"03 , 04 , 21 , 26 , 54 , 58"
09/06/2010,"05 , 11 , 29 , 32 , 47 , 58"
06/06/2010,"02 , 18 , 39 , 45 , 46 , 55"
05/06/2010,"04 , 17 , 23 , 34 , 41 , 43"
02/06/2010,"01 , 16 , 21 , 41 , 49 , 51"
01/06/2010,"05 , 21 , 22 , 24 , 27 , 32"
30/05/2010,"14 , 26 , 27 , 40 , 41 , 50"
29/05/2010,"08 , 14 , 29 , 41 , 43 , 57"
26/05/2010,"10 , 27 , 30 , 36 , 38 , 40"
23/05/2010,"12 , 16 , 42 , 43 , 48 , 49"
22/05/2010,"05 , 07 , 10 , 11 , 13 , 27"
19/05/2010,"01 , 14 , 20 , 42 , 48 , 49"
16/05/2010,"11 , 28 , 30 , 37 , 39 , 58"
15/05/2010,"01 , 13 , 17 , 21 , 37 , 58"
12/05/2010,"17 , 39 , 43 , 44 , 50 , 54"
09/05/2010,"08 , 10 , 15 , 21 , 31 , 32"
08/05/2010,"06 , 30 , 46 , 48 , 56 , 58"
05/05/2010,"30 , 33 , 39 , 41 , 43 , 54"
04/05/2010,"13 , 18 , 22 , 40 , 48 , 55"
02/05/2010,"05 , 23 , 26 , 27 , 43 , 49"
01/05/2010,"07 , 19 , 22 , 25 , 44 , 49"
28/04/2010,"02 , 20 , 21 , 22 , 31 , 34"
27/04/2010,"01 , 09 , 12 , 27 , 45 , 50"
25/04/2010,"10 , 13 , 18 , 31 , 50 , 53"
24/04/2010,"02 , 03 , 25 , 26 , 29 , 52"
21/04/2010,"10 , 11 , 22 , 29 , 36 , 51"
18/04/2010,"07 , 12 , 18 , 31 , 41 , 49"
17/04/2010,"13 , 14 , 18 , 29 , 30 , 49"
14/04/2010,"03 , 09 , 28 , 33 , 37 , 54"
11/04/2010,"01 , 21 , 29 , 30 , 35 , 46"
10/04/2010,"19 , 22 , 34 , 41 , 48 , 52"
07/04/2010,"02 , 06 , 36 , 38 , 49 , 50"
06/04/2010,"10 , 12 , 36 , 40 , 45 , 47"
04/04/2010,"01 , 22 , 23 , 48 , 49 , 57"
03/04/2010,"11 , 21 , 25 , 39 , 43 , 49"
31/03/2010,"16 , 19 , 28 , 36 , 47 , 54"
30/03/2010,"16 , 26 , 27 , 39 , 40 , 46"
28/03/2010,"02 , 08 , 24 , 31 , 33 , 50"
27/03/2010,"15 , 18 , 37 , 39 , 44 , 52"
24/03/2010,"14 , 17 , 21 , 31 , 38 , 46"
21/03/2010,"06 , 15 , 25 , 27 , 30 , 37"
20/03/2010,"18 , 26 , 27 , 48 , 51 , 53"
